# WaveFront *.obj file (generated by Autodesk ATF)

mtllib website.mtl

g PGK_CORE

v 15.493505 0.000000 -0.273868
v 15.493505 0.070882 -0.264536
v 15.493505 0.136934 -0.237176
v 15.493505 0.193654 -0.193654
v 15.493505 0.237176 -0.136934
v 15.493505 0.264536 -0.070882
v 15.493505 0.273868 -0.000000
v 15.493505 0.264536 0.070882
v 15.493505 0.237176 0.136934
v 15.493505 0.193654 0.193654
v 15.493505 0.136934 0.237176
v 15.493505 0.070882 0.264536
v 15.493505 0.000000 0.273868
v 15.493505 -0.070882 0.264536
v 15.493505 -0.136934 0.237176
v 15.493505 -0.193654 0.193654
v 15.493505 -0.237176 0.136934
v 15.493505 -0.264536 0.070882
v 15.493505 -0.273868 -0.000000
v 15.493505 -0.264536 -0.070882
v 15.493505 -0.237176 -0.136934
v 15.493505 -0.193654 -0.193654
v 15.493505 -0.136934 -0.237176
v 15.493505 -0.070882 -0.264536
v 15.493509 0.000000 -0.000000
v 8.500111 0.000000 -0.996886
v 8.500111 -0.238571 -0.967919
v 8.500111 -0.463276 -0.882699
v 8.500111 -0.661058 -0.746180
v 8.500111 -0.820421 -0.566296
v 8.500111 -0.932105 -0.353501
v 8.500111 -0.989618 -0.120161
v 8.500111 -0.989618 0.120161
v 8.500111 -0.932105 0.353501
v 8.500111 -0.820421 0.566296
v 8.500111 -0.661058 0.746180
v 8.500111 -0.463276 0.882699
v 8.500111 -0.238571 0.967919
v 8.500111 0.000000 0.996886
v 8.500111 0.238571 0.967919
v 8.500111 0.463276 0.882699
v 8.500111 0.661058 0.746180
v 8.500111 0.820421 0.566296
v 8.500111 0.932105 0.353501
v 8.500111 0.989618 0.120161
v 8.500111 0.989618 -0.120161
v 8.500111 0.932105 -0.353501
v 8.500111 0.820421 -0.566296
v 8.500111 0.661058 -0.746180
v 8.500111 0.463276 -0.882699
v 8.500111 0.238571 -0.967919
v 8.500037 0.000000 0.000000
v 12.000905 0.000000 -0.950254
v 12.000905 -0.236319 -0.920400
v 12.000905 -0.457789 -0.832714
v 12.000905 -0.650494 -0.692706
v 12.000905 -0.802326 -0.509172
v 12.000905 -0.903746 -0.293645
v 12.000905 -0.948379 -0.059667
v 12.000905 -0.933423 0.178060
v 12.000905 -0.859816 0.404599
v 12.000905 -0.732184 0.605715
v 12.000905 -0.558545 0.768772
v 12.000905 -0.349812 0.883524
v 12.000905 -0.119098 0.942761
v 12.000905 0.119098 0.942761
v 12.000905 0.349812 0.883524
v 12.000905 0.558545 0.768772
v 12.000905 0.732184 0.605715
v 12.000905 0.859816 0.404599
v 12.000905 0.933423 0.178060
v 12.000905 0.948379 -0.059667
v 12.000905 0.903746 -0.293645
v 12.000905 0.802326 -0.509172
v 12.000905 0.650494 -0.692706
v 12.000905 0.457789 -0.832714
v 12.000905 0.236319 -0.920400
v 12.000905 0.000000 -1.200000
v 12.000905 -0.267025 -1.169914
v 12.000905 -0.520661 -1.081163
v 12.000905 -0.748188 -0.938198
v 12.000905 -0.938198 -0.748188
v 12.000905 -1.081163 -0.520661
v 12.000905 -1.169914 -0.267025
v 12.000905 -1.200000 -0.000000
v 12.000905 -1.169914 0.267025
v 12.000905 -1.081163 0.520661
v 12.000905 -0.938198 0.748188
v 12.000905 -0.748188 0.938198
v 12.000905 -0.520661 1.081163
v 12.000905 -0.267025 1.169914
v 12.000905 0.000000 1.200000
v 12.000905 0.267025 1.169914
v 12.000905 0.520661 1.081163
v 12.000905 0.748188 0.938198
v 12.000905 0.938198 0.748188
v 12.000905 1.081163 0.520661
v 12.000905 1.169914 0.267025
v 12.000905 1.200000 -0.000000
v 12.000905 1.169914 -0.267025
v 12.000905 1.081163 -0.520661
v 12.000905 0.938198 -0.748188
v 12.000905 0.748188 -0.938198
v 12.000905 0.520661 -1.081163
v 12.000905 0.267025 -1.169914
v 13.480021 0.000000 -1.200000
v 13.480021 -0.267025 -1.169914
v 13.480021 -0.520661 -1.081163
v 13.480021 -0.748188 -0.938198
v 13.480021 -0.938198 -0.748188
v 13.480021 -1.081163 -0.520661
v 13.480021 -1.169914 -0.267025
v 13.480021 -1.200000 -0.000000
v 13.480021 -1.169914 0.267025
v 13.480021 -1.081163 0.520661
v 13.480021 -0.938198 0.748188
v 13.480021 -0.748188 0.938198
v 13.480021 -0.520661 1.081163
v 13.480021 -0.267025 1.169914
v 13.480021 0.000000 1.200000
v 13.480021 0.267025 1.169914
v 13.480021 0.520661 1.081163
v 13.480021 0.748188 0.938198
v 13.480021 0.938198 0.748188
v 13.480021 1.081163 0.520661
v 13.480021 1.169914 0.267025
v 13.480021 1.200000 -0.000000
v 13.480021 1.169914 -0.267025
v 13.480021 1.081163 -0.520661
v 13.480021 0.938198 -0.748188
v 13.480021 0.748188 -0.938198
v 13.480021 0.520661 -1.081163
v 13.480021 0.267025 -1.169914
v 13.484312 0.000000 -0.273840
v 13.484312 -0.070875 -0.264509
v 13.484312 -0.136920 -0.237153
v 13.484312 -0.193634 -0.193634
v 13.484312 -0.237153 -0.136920
v 13.484312 -0.264509 -0.070875
v 13.484312 -0.273840 -0.000000
v 13.484312 -0.264509 0.070875
v 13.484312 -0.237153 0.136920
v 13.484312 -0.193634 0.193634
v 13.484312 -0.136920 0.237153
v 13.484312 -0.070875 0.264509
v 13.484312 0.000000 0.273840
v 13.484312 0.070875 0.264509
v 13.484312 0.136920 0.237153
v 13.484312 0.193634 0.193634
v 13.484312 0.237153 0.136920
v 13.484312 0.264509 0.070875
v 13.484312 0.273840 -0.000000
v 13.484312 0.264509 -0.070875
v 13.484312 0.237153 -0.136920
v 13.484312 0.193634 -0.193634
v 13.484312 0.136920 -0.237153
v 13.484312 0.070875 -0.264509
v 14.488908 0.000000 0.273854
v 14.488908 0.070879 -0.264523
v 14.488908 0.000000 -0.273854
v 14.488908 0.136927 -0.237164
v 14.488908 0.193644 -0.193644
v 14.488908 0.237164 -0.136927
v 14.488908 0.264523 -0.070879
v 14.488908 0.273854 -0.000000
v 14.488908 0.264523 0.070879
v 14.488908 0.237164 0.136927
v 14.488908 0.193644 0.193644
v 14.488908 0.136927 0.237164
v 14.488908 0.070879 0.264523
v 14.488908 -0.070879 0.264523
v 14.488908 -0.136927 0.237164
v 14.488908 -0.193644 0.193644
v 14.488908 -0.237164 0.136927
v 14.488908 -0.264523 0.070879
v 14.488908 -0.273854 -0.000000
v 14.488908 -0.264523 -0.070879
v 14.488908 -0.237164 -0.136927
v 14.488908 -0.193644 -0.193644
v 14.488908 -0.136927 -0.237164
v 14.488908 -0.070879 -0.264523
vt -0.000000 0.035849 0.000000
vt -0.273868 0.035849 0.000000
vt -0.000000 0.000000 0.000000
vt 0.000000 0.107548 0.000000
vt -0.273868 0.107548 0.000000
vt -0.000000 0.071698 0.000000
vt 0.000000 0.179246 0.000000
vt -0.273868 0.179246 0.000000
vt 0.000000 0.143397 0.000000
vt -0.000000 0.250944 0.000000
vt -0.273868 0.250944 0.000000
vt 0.000000 0.215095 0.000000
vt -0.000000 0.322643 0.000000
vt -0.273868 0.322643 0.000000
vt -0.000000 0.286794 0.000000
vt 0.000000 0.394341 0.000000
vt -0.273868 0.394341 0.000000
vt 0.000000 0.358492 0.000000
vt 0.000000 -0.394341 0.000000
vt -0.273868 -0.394341 0.000000
vt 0.000000 -0.430190 0.000000
vt -0.000000 -0.322643 0.000000
vt -0.273868 -0.322643 0.000000
vt 0.000000 -0.358492 0.000000
vt -0.000000 -0.250944 0.000000
vt -0.273868 -0.250944 0.000000
vt -0.000000 -0.286794 0.000000
vt 0.000000 -0.179246 0.000000
vt -0.273868 -0.179246 0.000000
vt 0.000000 -0.215095 0.000000
vt 0.000000 -0.107548 0.000000
vt -0.273868 -0.107548 0.000000
vt 0.000000 -0.143397 0.000000
vt -0.000000 -0.035849 0.000000
vt -0.273868 -0.035849 0.000000
vt -0.000000 -0.071698 0.000000
vt 0.000000 0.430190 0.000000
vt -0.273868 0.430190 0.000000
vt -0.273868 0.143397 0.000000
vt -0.273868 -0.143397 0.000000
vt -0.273868 0.358492 0.000000
vt -0.273868 0.286794 0.000000
vt -0.273868 0.215095 0.000000
vt -0.273868 0.071698 0.000000
vt -0.273868 0.000000 0.000000
vt -0.273868 -0.071698 0.000000
vt -0.273868 -0.215095 0.000000
vt -0.273868 -0.286794 0.000000
vt -0.273868 -0.358492 0.000000
vt -0.498443 -0.120454 0.000000
vt 0.498443 -0.120454 0.000000
vt -0.498443 0.000000 0.000000
vt -0.498443 -0.361363 0.000000
vt 0.498443 -0.361363 0.000000
vt -0.498443 -0.240909 0.000000
vt -0.498443 -0.602271 0.000000
vt 0.498443 -0.521968 0.000000
vt -0.498443 -0.481817 0.000000
vt -0.498443 -0.722726 0.000000
vt 0.498443 -0.722726 0.000000
vt -0.498443 -0.963634 0.000000
vt 0.498443 -0.963634 0.000000
vt -0.498443 -0.843180 0.000000
vt -0.498443 -1.204543 0.000000
vt 0.498443 -1.204543 0.000000
vt -0.498443 -1.084088 0.000000
vt -0.498443 -1.445451 0.000000
vt 0.498443 -1.445451 0.000000
vt -0.498443 -1.324997 0.000000
vt -0.498443 1.445451 0.000000
vt 0.498443 1.445451 0.000000
vt -0.498443 1.565905 0.000000
vt -0.498443 1.204543 0.000000
vt 0.498443 1.204543 0.000000
vt -0.498443 1.324997 0.000000
vt -0.498443 0.963634 0.000000
vt 0.498443 0.963634 0.000000
vt -0.498443 1.084088 0.000000
vt -0.498443 0.722726 0.000000
vt 0.498443 0.722726 0.000000
vt -0.498443 0.843180 0.000000
vt -0.498443 0.481817 0.000000
vt 0.498443 0.521968 0.000000
vt -0.498443 0.602271 0.000000
vt -0.498443 0.361363 0.000000
vt 0.498443 0.361363 0.000000
vt -0.498443 0.120454 0.000000
vt 0.498443 0.120454 0.000000
vt -0.498443 0.240909 0.000000
vt -0.498443 -1.565905 0.000000
vt 0.498443 -1.565905 0.000000
vt 0.498443 -1.324997 0.000000
vt 0.498443 -1.084088 0.000000
vt 0.498443 -0.843180 0.000000
vt 0.498443 -0.481817 0.000000
vt 0.498443 -0.240909 0.000000
vt 0.498443 0.000000 0.000000
vt 0.498443 0.240909 0.000000
vt 0.498443 0.602271 0.000000
vt 0.498443 0.843180 0.000000
vt 0.498443 1.084088 0.000000
vt 0.498443 1.324997 0.000000
vt 1.750552 -0.235274 0.000000
vt 1.750552 0.000000 0.000000
vt -1.750552 0.000000 0.000000
vt 1.750552 0.235274 0.000000
vt -1.750552 0.244685 0.000000
vt 1.750552 0.470548 0.000000
vt -1.750552 0.489370 0.000000
vt 1.750552 0.705822 0.000000
vt -1.750552 0.734055 0.000000
vt 1.750552 0.941096 0.000000
vt -1.750552 0.978740 0.000000
vt 1.750552 1.176370 0.000000
vt -1.750552 1.223425 0.000000
vt 1.750552 1.411644 0.000000
vt -1.750552 1.468109 0.000000
vt 1.750552 1.646918 0.000000
vt -1.750552 1.712794 0.000000
vt 1.750552 1.882192 0.000000
vt -1.750552 1.957479 0.000000
vt 1.750552 2.117466 0.000000
vt -1.750552 2.202164 0.000000
vt 1.750552 2.352739 0.000000
vt -1.750552 2.446849 0.000000
vt 1.750552 2.588013 0.000000
vt -1.750552 2.691534 0.000000
vt 1.750552 2.823287 0.000000
vt -1.750552 2.936219 0.000000
vt 1.750552 3.058561 0.000000
vt -1.750552 3.180904 0.000000
vt -1.750552 -2.936219 0.000000
vt 1.750552 -3.058561 0.000000
vt 1.750552 -2.823287 0.000000
vt -1.750552 -2.691534 0.000000
vt 1.750552 -2.588013 0.000000
vt -1.750552 -2.446849 0.000000
vt 1.750552 -2.352739 0.000000
vt -1.750552 -2.202164 0.000000
vt 1.750552 -2.117466 0.000000
vt -1.750552 -1.957479 0.000000
vt 1.750552 -1.882192 0.000000
vt -1.750552 -1.712794 0.000000
vt 1.750552 -1.646918 0.000000
vt -1.750552 -1.468109 0.000000
vt 1.750552 -1.411644 0.000000
vt -1.750552 -1.223425 0.000000
vt 1.750552 -1.176370 0.000000
vt -1.750552 -0.978740 0.000000
vt 1.750552 -0.941096 0.000000
vt -1.750552 -0.734055 0.000000
vt 1.750552 -0.705822 0.000000
vt -1.750552 -0.489370 0.000000
vt 1.750552 -0.470548 0.000000
vt -1.750552 -0.244685 0.000000
vt 0.279600 0.236319 0.000000
vt 0.030087 0.267025 0.000000
vt 0.249746 0.000000 0.000000
vt 0.000000 0.000000 0.000000
vt 0.030087 -0.267025 0.000000
vt 0.118837 0.520661 0.000000
vt 0.367286 0.457789 0.000000
vt 0.261802 0.748188 0.000000
vt 0.507294 0.650494 0.000000
vt 0.451812 0.938198 0.000000
vt 0.690828 0.802326 0.000000
vt 0.679340 1.081163 0.000000
vt 0.906355 0.903746 0.000000
vt 0.932975 1.169914 0.000000
vt 1.140333 0.948379 0.000000
vt 1.200000 1.200000 0.000000
vt 1.378060 0.933423 0.000000
vt 1.467025 1.169914 0.000000
vt 1.604599 0.859816 0.000000
vt 1.720661 1.081163 0.000000
vt 1.948188 0.938198 0.000000
vt 1.805715 0.732184 0.000000
vt 2.138198 0.748188 0.000000
vt 1.968772 0.558545 0.000000
vt 2.281163 0.520661 0.000000
vt 2.083524 0.349812 0.000000
vt 2.369914 0.267025 0.000000
vt 2.142761 0.119098 0.000000
vt 2.400000 0.000000 0.000000
vt 2.142761 -0.119098 0.000000
vt 2.369914 -0.267025 0.000000
vt 2.083524 -0.349812 0.000000
vt 2.281163 -0.520661 0.000000
vt 1.968772 -0.558545 0.000000
vt 2.138198 -0.748188 0.000000
vt 1.805715 -0.732184 0.000000
vt 1.948188 -0.938198 0.000000
vt 1.604599 -0.859816 0.000000
vt 1.720661 -1.081163 0.000000
vt 1.467025 -1.169914 0.000000
vt 1.378060 -0.933423 0.000000
vt 1.200000 -1.200000 0.000000
vt 1.140333 -0.948379 0.000000
vt 0.932975 -1.169914 0.000000
vt 0.906355 -0.903746 0.000000
vt 0.679340 -1.081163 0.000000
vt 0.690828 -0.802326 0.000000
vt 0.451812 -0.938198 0.000000
vt 0.507294 -0.650494 0.000000
vt 0.261802 -0.748188 0.000000
vt 0.367286 -0.457789 0.000000
vt 0.118837 -0.520661 0.000000
vt 0.279600 -0.236319 0.000000
vt 0.739558 0.269279 0.000000
vt -0.739558 0.269279 0.000000
vt 0.739558 0.000000 0.000000
vt -0.739558 0.000000 0.000000
vt 0.739558 -0.269279 0.000000
vt -0.739558 -0.269279 0.000000
vt 0.739558 -0.538559 0.000000
vt -0.739558 -0.538559 0.000000
vt 0.739558 -0.807838 0.000000
vt -0.739558 -0.807838 0.000000
vt 0.739558 -1.077118 0.000000
vt -0.739558 -1.077118 0.000000
vt 0.739558 -1.346397 0.000000
vt -0.739558 -1.346397 0.000000
vt 0.739558 -1.615676 0.000000
vt -0.739558 -1.615676 0.000000
vt 0.739558 -1.884956 0.000000
vt -0.739558 -1.884956 0.000000
vt 0.739558 -2.154235 0.000000
vt -0.739558 -2.154235 0.000000
vt 0.739558 -2.423514 0.000000
vt -0.739558 -2.423514 0.000000
vt 0.739558 -2.692794 0.000000
vt -0.739558 -2.692794 0.000000
vt 0.739558 -2.962073 0.000000
vt -0.739558 -2.962073 0.000000
vt 0.739558 -3.231353 0.000000
vt -0.739558 -3.231353 0.000000
vt 0.739558 -3.500632 0.000000
vt -0.739558 -3.500632 0.000000
vt 0.739558 -3.769911 0.000000
vt -0.739558 -3.769911 0.000000
vt 0.739558 3.769911 0.000000
vt -0.739558 3.769911 0.000000
vt 0.739558 3.500632 0.000000
vt -0.739558 3.500632 0.000000
vt 0.739558 3.231353 0.000000
vt -0.739558 3.231353 0.000000
vt 0.739558 2.962073 0.000000
vt -0.739558 2.962073 0.000000
vt 0.739558 2.692794 0.000000
vt -0.739558 2.692794 0.000000
vt 0.739558 2.423514 0.000000
vt -0.739558 2.423514 0.000000
vt 0.739558 2.154235 0.000000
vt -0.739558 2.154235 0.000000
vt 0.739558 1.884956 0.000000
vt -0.739558 1.884956 0.000000
vt 0.739558 1.615676 0.000000
vt -0.739558 1.615676 0.000000
vt 0.739558 1.346397 0.000000
vt -0.739558 1.346397 0.000000
vt 0.739558 1.077118 0.000000
vt -0.739558 1.077118 0.000000
vt 0.739558 0.807838 0.000000
vt -0.739558 0.807838 0.000000
vt 0.739558 0.538559 0.000000
vt -0.739558 0.538559 0.000000
vt 0.463085 -0.165364 0.000000
vt 0.463085 0.000000 0.000000
vt -0.463085 0.000000 0.000000
vt 0.463085 0.165364 0.000000
vt -0.463085 0.192925 0.000000
vt 0.463085 0.330729 0.000000
vt -0.463085 0.385850 0.000000
vt 0.463085 0.496093 0.000000
vt -0.463085 0.578776 0.000000
vt 0.463085 0.661458 0.000000
vt -0.463085 0.771701 0.000000
vt 0.463085 0.826822 0.000000
vt -0.463085 0.964626 0.000000
vt 0.463085 0.992187 0.000000
vt -0.463085 1.157551 0.000000
vt 0.463085 1.157551 0.000000
vt 0.463085 1.322916 0.000000
vt -0.463085 1.350477 0.000000
vt 0.463085 1.488280 0.000000
vt -0.463085 1.543402 0.000000
vt 0.463085 1.653645 0.000000
vt -0.463085 1.736327 0.000000
vt 0.463085 1.819009 0.000000
vt -0.463085 1.929252 0.000000
vt 0.463085 1.984374 0.000000
vt -0.463085 2.122178 0.000000
vt 0.463085 2.149738 0.000000
vt -0.463085 2.315103 0.000000
vt 0.463085 2.315103 0.000000
vt -0.463085 -2.315103 0.000000
vt 0.463085 -2.315103 0.000000
vt 0.463085 -2.149738 0.000000
vt -0.463085 -2.122178 0.000000
vt 0.463085 -1.984374 0.000000
vt -0.463085 -1.929252 0.000000
vt 0.463085 -1.819009 0.000000
vt -0.463085 -1.736327 0.000000
vt 0.463085 -1.653645 0.000000
vt -0.463085 -1.543402 0.000000
vt 0.463085 -1.488280 0.000000
vt -0.463085 -1.350477 0.000000
vt 0.463085 -1.322916 0.000000
vt -0.463085 -1.157551 0.000000
vt 0.463085 -1.157551 0.000000
vt 0.463085 -0.992187 0.000000
vt -0.463085 -0.964626 0.000000
vt 0.463085 -0.826822 0.000000
vt -0.463085 -0.771701 0.000000
vt 0.463085 -0.661458 0.000000
vt -0.463085 -0.578776 0.000000
vt 0.463085 -0.496093 0.000000
vt -0.463085 -0.385850 0.000000
vt 0.463085 -0.330729 0.000000
vt -0.463085 -0.192925 0.000000
vt 1.004597 0.071695 0.000000
vt 0.000000 0.071695 0.000000
vt 1.004597 0.000000 0.000000
vt 0.000000 0.000000 0.000000
vt 1.004597 -0.071695 0.000000
vt 0.000000 -0.071695 0.000000
vt 1.004597 -0.143390 0.000000
vt 0.000000 -0.143390 0.000000
vt 1.004597 -0.215084 0.000000
vt 0.000000 -0.215084 0.000000
vt 1.004597 -0.286779 0.000000
vt 0.000000 -0.286779 0.000000
vt 1.004597 -0.358474 0.000000
vt 0.000000 -0.358474 0.000000
vt 1.004597 -0.430169 0.000000
vt 0.000000 -0.430169 0.000000
vt 1.004597 -0.501864 0.000000
vt 0.000000 -0.501864 0.000000
vt 1.004597 -0.573558 0.000000
vt 0.000000 -0.573558 0.000000
vt 1.004597 -0.645253 0.000000
vt 0.000000 -0.645253 0.000000
vt 1.004597 -0.716948 0.000000
vt 0.000000 -0.716948 0.000000
vt 1.004597 -0.788643 0.000000
vt 0.000000 -0.788643 0.000000
vt 1.004597 -0.860337 0.000000
vt 0.000000 -0.860337 0.000000
vt 1.004597 0.860337 0.000000
vt 0.000000 0.860337 0.000000
vt 1.004597 0.788643 0.000000
vt 0.000000 0.788643 0.000000
vt 1.004597 0.716948 0.000000
vt 0.000000 0.716948 0.000000
vt 1.004597 0.645253 0.000000
vt 0.000000 0.645253 0.000000
vt 1.004597 0.573558 0.000000
vt 0.000000 0.573558 0.000000
vt 1.004597 0.501864 0.000000
vt 0.000000 0.501864 0.000000
vt 1.004597 0.430169 0.000000
vt 0.000000 0.430169 0.000000
vt 1.004597 0.358474 0.000000
vt 0.000000 0.358474 0.000000
vt 1.004597 0.286779 0.000000
vt 0.000000 0.286779 0.000000
vt 1.004597 0.215084 0.000000
vt 0.000000 0.215084 0.000000
vt 1.004597 0.143390 0.000000
vt 0.000000 0.143390 0.000000
vt -1.004597 -0.071695 0.000000
vt -1.004597 0.000000 0.000000
vt -1.004597 0.071695 0.000000
vt -1.004597 0.143390 0.000000
vt -1.004597 0.215084 0.000000
vt -1.004597 0.286779 0.000000
vt -1.004597 0.358474 0.000000
vt -1.004597 0.430169 0.000000
vt -1.004597 0.501864 0.000000
vt -1.004597 0.573558 0.000000
vt -1.004597 0.645253 0.000000
vt -1.004597 0.716948 0.000000
vt -1.004597 0.788643 0.000000
vt -1.004597 0.860337 0.000000
vt -1.004597 -0.860337 0.000000
vt -1.004597 -0.788643 0.000000
vt -1.004597 -0.716948 0.000000
vt -1.004597 -0.645253 0.000000
vt -1.004597 -0.573558 0.000000
vt -1.004597 -0.501864 0.000000
vt -1.004597 -0.430169 0.000000
vt -1.004597 -0.358474 0.000000
vt -1.004597 -0.286779 0.000000
vt -1.004597 -0.215084 0.000000
vt -1.004597 -0.143390 0.000000
vn 1.000000 0.000004 -0.000013
vn 1.000000 0.000004 -0.000013
vn 1.000000 -0.000000 -0.000014
vn 1.000000 0.000010 -0.000010
vn 1.000000 0.000010 -0.000010
vn 1.000000 0.000007 -0.000012
vn 1.000000 0.000013 -0.000004
vn 1.000000 0.000013 -0.000004
vn 1.000000 0.000012 -0.000007
vn 1.000000 0.000013 0.000004
vn 1.000000 0.000013 0.000004
vn 1.000000 0.000014 -0.000000
vn 1.000000 0.000010 0.000010
vn 1.000000 0.000010 0.000010
vn 1.000000 0.000012 0.000007
vn 1.000000 0.000004 0.000013
vn 1.000000 0.000004 0.000013
vn 1.000000 0.000007 0.000012
vn 1.000000 -0.000004 0.000013
vn 1.000000 -0.000004 0.000013
vn 1.000000 -0.000000 0.000014
vn 1.000000 -0.000010 0.000010
vn 1.000000 -0.000010 0.000010
vn 1.000000 -0.000007 0.000012
vn 1.000000 -0.000013 0.000004
vn 1.000000 -0.000013 0.000004
vn 1.000000 -0.000012 0.000007
vn 1.000000 -0.000013 -0.000004
vn 1.000000 -0.000013 -0.000004
vn 1.000000 -0.000014 -0.000000
vn 1.000000 -0.000010 -0.000010
vn 1.000000 -0.000010 -0.000010
vn 1.000000 -0.000012 -0.000007
vn 1.000000 -0.000004 -0.000013
vn 1.000000 -0.000004 -0.000013
vn 1.000000 -0.000007 -0.000012
vn 1.000000 0.000000 0.000014
vn 1.000000 0.000012 -0.000007
vn 1.000000 -0.000012 -0.000007
vn 1.000000 0.000007 0.000012
vn 1.000000 0.000012 0.000007
vn 1.000000 0.000014 -0.000000
vn 1.000000 0.000007 -0.000012
vn 1.000000 0.000000 -0.000014
vn 1.000000 -0.000007 -0.000012
vn 1.000000 -0.000014 -0.000000
vn 1.000000 -0.000012 0.000007
vn 1.000000 -0.000007 0.000012
vn -1.000000 -0.000018 -0.000072
vn -1.000000 -0.000018 -0.000072
vn -1.000000 0.000000 -0.000074
vn -1.000000 -0.000049 -0.000055
vn -1.000000 -0.000049 -0.000055
vn -1.000000 -0.000034 -0.000065
vn -1.000000 -0.000069 -0.000026
vn -1.000000 -0.000064 -0.000037
vn -1.000000 -0.000061 -0.000042
vn -1.000000 -0.000073 -0.000009
vn -1.000000 -0.000073 -0.000009
vn -1.000000 -0.000069 0.000026
vn -1.000000 -0.000069 0.000026
vn -1.000000 -0.000073 0.000009
vn -1.000000 -0.000049 0.000055
vn -1.000000 -0.000049 0.000055
vn -1.000000 -0.000061 0.000042
vn -1.000000 -0.000018 0.000072
vn -1.000000 -0.000018 0.000072
vn -1.000000 -0.000034 0.000065
vn -1.000000 0.000018 0.000072
vn -1.000000 0.000018 0.000072
vn -1.000000 0.000000 0.000074
vn -1.000000 0.000049 0.000055
vn -1.000000 0.000049 0.000055
vn -1.000000 0.000034 0.000065
vn -1.000000 0.000069 0.000026
vn -1.000000 0.000069 0.000026
vn -1.000000 0.000061 0.000042
vn -1.000000 0.000073 -0.000009
vn -1.000000 0.000073 -0.000009
vn -1.000000 0.000073 0.000009
vn -1.000000 0.000061 -0.000042
vn -1.000000 0.000064 -0.000037
vn -1.000000 0.000069 -0.000026
vn -1.000000 0.000049 -0.000055
vn -1.000000 0.000049 -0.000055
vn -1.000000 0.000018 -0.000072
vn -1.000000 0.000018 -0.000072
vn -1.000000 0.000034 -0.000065
vn -1.000000 -0.000000 0.000074
vn -1.000000 -0.000034 0.000065
vn -1.000000 -0.000061 0.000042
vn -1.000000 -0.000073 0.000009
vn -1.000000 -0.000061 -0.000042
vn -1.000000 -0.000034 -0.000065
vn -1.000000 0.000000 -0.000074
vn -1.000000 0.000034 -0.000065
vn -1.000000 0.000069 -0.000026
vn -1.000000 0.000073 0.000009
vn -1.000000 0.000061 0.000042
vn -1.000000 0.000034 0.000065
vn 0.013319 -0.239294 -0.970856
vn 0.013319 -0.000000 -0.999911
vn 0.013319 -0.000000 -0.999911
vn 0.013319 0.239294 -0.970856
vn 0.013319 0.248668 -0.968497
vn 0.013319 0.464682 -0.885377
vn 0.013319 0.481711 -0.876229
vn 0.013319 0.663064 -0.748444
vn 0.013319 0.684486 -0.728904
vn 0.013319 0.822911 -0.568014
vn 0.013319 0.844253 -0.535779
vn 0.013319 0.934933 -0.354573
vn 0.013319 0.950972 -0.308990
vn 0.013319 0.992621 -0.120526
vn 0.013319 0.997938 -0.062785
vn 0.013319 0.992621 0.120526
vn 0.013319 0.982200 0.187365
vn 0.013319 0.934933 0.354573
vn 0.013319 0.904747 0.425742
vn 0.013319 0.822911 0.568014
vn 0.013319 0.770445 0.637367
vn 0.013319 0.663064 0.748444
vn 0.013319 0.587733 0.808945
vn 0.013319 0.464682 0.885377
vn 0.013319 0.368092 0.929694
vn 0.013319 0.239294 0.970856
vn 0.013319 0.125322 0.992027
vn 0.013319 0.000000 0.999911
vn 0.013319 -0.125322 0.992027
vn 0.013319 -0.239294 0.970856
vn 0.013319 -0.368092 0.929694
vn 0.013319 -0.464682 0.885377
vn 0.013319 -0.587733 0.808945
vn 0.013319 -0.663064 0.748444
vn 0.013319 -0.770445 0.637367
vn 0.013319 -0.822911 0.568014
vn 0.013319 -0.904747 0.425742
vn 0.013319 -0.934933 0.354573
vn 0.013319 -0.982200 0.187365
vn 0.013319 -0.992621 0.120526
vn 0.013319 -0.997938 -0.062785
vn 0.013319 -0.992621 -0.120526
vn 0.013319 -0.950972 -0.308990
vn 0.013319 -0.934933 -0.354573
vn 0.013319 -0.844253 -0.535779
vn 0.013319 -0.822911 -0.568014
vn 0.013319 -0.684486 -0.728904
vn 0.013319 -0.663064 -0.748444
vn 0.013319 -0.481711 -0.876229
vn 0.013319 -0.464682 -0.885377
vn 0.013319 -0.248668 -0.968497
vn -1.000000 -0.000000 0.000000
vn -1.000000 -0.000000 0.000000
vn -1.000000 -0.000000 0.000000
vn -1.000000 -0.000000 0.000000
vn -1.000000 -0.000000 0.000000
vn -1.000000 -0.000000 0.000000
vn -1.000000 -0.000000 0.000000
vn -1.000000 -0.000000 0.000000
vn -1.000000 -0.000000 0.000000
vn -1.000000 -0.000000 0.000000
vn -1.000000 -0.000000 0.000000
vn -1.000000 -0.000000 0.000000
vn -1.000000 -0.000000 0.000000
vn -1.000000 -0.000000 0.000000
vn -1.000000 -0.000000 0.000000
vn -1.000000 -0.000000 0.000000
vn -1.000000 -0.000000 0.000000
vn -1.000000 -0.000000 0.000000
vn -1.000000 -0.000000 0.000000
vn -1.000000 -0.000000 0.000000
vn -1.000000 -0.000000 0.000000
vn -1.000000 -0.000000 0.000000
vn -1.000000 -0.000000 0.000000
vn -1.000000 -0.000000 0.000000
vn -1.000000 -0.000000 0.000000
vn -1.000000 -0.000000 0.000000
vn -1.000000 -0.000000 0.000000
vn -1.000000 -0.000000 0.000000
vn -1.000000 -0.000000 0.000000
vn -1.000000 -0.000000 0.000000
vn -1.000000 -0.000000 0.000000
vn -1.000000 -0.000000 0.000000
vn -1.000000 -0.000000 0.000000
vn -1.000000 -0.000000 0.000000
vn -1.000000 -0.000000 0.000000
vn -1.000000 -0.000000 0.000000
vn -1.000000 -0.000000 0.000000
vn -1.000000 -0.000000 0.000000
vn -1.000000 -0.000000 0.000000
vn -1.000000 -0.000000 0.000000
vn -1.000000 -0.000000 0.000000
vn -1.000000 -0.000000 0.000000
vn -1.000000 -0.000000 0.000000
vn -1.000000 -0.000000 0.000000
vn -1.000000 -0.000000 0.000000
vn -1.000000 -0.000000 0.000000
vn -1.000000 -0.000000 0.000000
vn -1.000000 -0.000000 0.000000
vn -1.000000 -0.000000 0.000000
vn -1.000000 -0.000000 0.000000
vn -1.000000 -0.000000 0.000000
vn -1.000000 -0.000000 0.000000
vn -1.000000 -0.000000 0.000000
vn -0.000000 0.222521 -0.974928
vn -0.000000 0.222521 -0.974928
vn -0.000000 0.000000 -1.000000
vn -0.000000 0.000000 -1.000000
vn -0.000000 -0.222521 -0.974928
vn -0.000000 -0.222521 -0.974928
vn -0.000000 -0.433884 -0.900969
vn -0.000000 -0.433884 -0.900969
vn -0.000000 -0.623490 -0.781831
vn -0.000000 -0.623490 -0.781831
vn -0.000000 -0.781831 -0.623490
vn -0.000000 -0.781831 -0.623490
vn -0.000000 -0.900969 -0.433884
vn -0.000000 -0.900969 -0.433884
vn -0.000000 -0.974928 -0.222521
vn -0.000000 -0.974928 -0.222521
vn 0.000000 -1.000000 0.000000
vn -0.000000 -1.000000 -0.000000
vn 0.000000 -0.974928 0.222521
vn 0.000000 -0.974928 0.222521
vn 0.000000 -0.900969 0.433884
vn 0.000000 -0.900969 0.433884
vn 0.000000 -0.781831 0.623490
vn 0.000000 -0.781831 0.623490
vn 0.000000 -0.623490 0.781831
vn 0.000000 -0.623490 0.781831
vn 0.000000 -0.433884 0.900969
vn 0.000000 -0.433884 0.900969
vn 0.000000 -0.222521 0.974928
vn 0.000000 -0.222521 0.974928
vn 0.000000 -0.000000 1.000000
vn 0.000000 -0.000000 1.000000
vn 0.000000 0.222521 0.974928
vn 0.000000 0.222521 0.974928
vn 0.000000 0.433884 0.900969
vn 0.000000 0.433884 0.900969
vn 0.000000 0.623490 0.781831
vn 0.000000 0.623490 0.781831
vn 0.000000 0.781831 0.623490
vn 0.000000 0.781831 0.623490
vn 0.000000 0.900969 0.433884
vn 0.000000 0.900969 0.433884
vn 0.000000 0.974928 0.222521
vn 0.000000 0.974928 0.222521
vn 0.000000 1.000000 0.000000
vn -0.000000 1.000000 -0.000000
vn -0.000000 0.974928 -0.222521
vn -0.000000 0.974928 -0.222521
vn -0.000000 0.900969 -0.433884
vn -0.000000 0.900969 -0.433884
vn -0.000000 0.781831 -0.623490
vn -0.000000 0.781831 -0.623490
vn -0.000000 0.623490 -0.781831
vn -0.000000 0.623490 -0.781831
vn -0.000000 0.433884 -0.900969
vn -0.000000 0.433884 -0.900969
vn 0.999989 -0.001031 -0.004516
vn 0.999989 -0.000000 -0.004632
vn 0.999989 -0.000000 -0.004632
vn 0.999989 0.001031 -0.004516
vn 0.999989 0.001199 -0.004475
vn 0.999989 0.002010 -0.004174
vn 0.999989 0.002316 -0.004012
vn 0.999989 0.002888 -0.003622
vn 0.999989 0.003276 -0.003276
vn 0.999989 0.003622 -0.002888
vn 0.999989 0.004012 -0.002316
vn 0.999989 0.004174 -0.002010
vn 0.999989 0.004475 -0.001199
vn 0.999989 0.004516 -0.001031
vn 0.999989 0.004632 -0.000000
vn 0.999989 0.004632 -0.000000
vn 0.999989 0.004516 0.001031
vn 0.999989 0.004475 0.001199
vn 0.999989 0.004174 0.002010
vn 0.999989 0.004012 0.002316
vn 0.999989 0.003622 0.002888
vn 0.999989 0.003276 0.003276
vn 0.999989 0.002888 0.003622
vn 0.999989 0.002316 0.004012
vn 0.999989 0.002010 0.004174
vn 0.999989 0.001199 0.004475
vn 0.999989 0.001031 0.004516
vn 0.999989 0.000000 0.004632
vn 0.999989 0.000000 0.004632
vn 0.999989 -0.001031 0.004516
vn 0.999989 -0.001199 0.004475
vn 0.999989 -0.002010 0.004174
vn 0.999989 -0.002316 0.004012
vn 0.999989 -0.002888 0.003622
vn 0.999989 -0.003276 0.003276
vn 0.999989 -0.003622 0.002888
vn 0.999989 -0.004012 0.002316
vn 0.999989 -0.004174 0.002010
vn 0.999989 -0.004475 0.001199
vn 0.999989 -0.004516 0.001031
vn 0.999989 -0.004632 -0.000000
vn 0.999989 -0.004632 -0.000000
vn 0.999989 -0.004516 -0.001031
vn 0.999989 -0.004475 -0.001199
vn 0.999989 -0.004174 -0.002010
vn 0.999989 -0.004012 -0.002316
vn 0.999989 -0.003622 -0.002888
vn 0.999989 -0.003276 -0.003276
vn 0.999989 -0.002888 -0.003622
vn 0.999989 -0.002316 -0.004012
vn 0.999989 -0.002010 -0.004174
vn 0.999989 -0.001199 -0.004475
vn -0.000014 0.258819 -0.965926
vn -0.000014 0.258819 -0.965926
vn -0.000014 0.000000 -1.000000
vn -0.000014 0.000000 -1.000000
vn -0.000014 -0.258819 -0.965926
vn -0.000014 -0.258819 -0.965926
vn -0.000014 -0.500000 -0.866025
vn -0.000014 -0.500000 -0.866025
vn -0.000014 -0.707107 -0.707107
vn -0.000014 -0.707107 -0.707107
vn -0.000014 -0.866025 -0.500000
vn -0.000014 -0.866025 -0.500000
vn -0.000014 -0.965926 -0.258819
vn -0.000014 -0.965926 -0.258819
vn -0.000014 -1.000000 0.000000
vn -0.000014 -1.000000 0.000000
vn -0.000014 -0.965926 0.258819
vn -0.000014 -0.965926 0.258819
vn -0.000014 -0.866025 0.500000
vn -0.000014 -0.866025 0.500000
vn -0.000014 -0.707107 0.707107
vn -0.000014 -0.707107 0.707107
vn -0.000014 -0.500000 0.866025
vn -0.000014 -0.500000 0.866025
vn -0.000014 -0.258819 0.965926
vn -0.000014 -0.258819 0.965926
vn -0.000014 -0.000000 1.000000
vn -0.000014 -0.000000 1.000000
vn -0.000014 0.258819 0.965926
vn -0.000014 0.258819 0.965926
vn -0.000014 0.500000 0.866025
vn -0.000014 0.500000 0.866025
vn -0.000014 0.707107 0.707107
vn -0.000014 0.707107 0.707107
vn -0.000014 0.866025 0.500000
vn -0.000014 0.866025 0.500000
vn -0.000014 0.965926 0.258819
vn -0.000014 0.965926 0.258819
vn -0.000014 1.000000 0.000000
vn -0.000014 1.000000 0.000000
vn -0.000014 0.965926 -0.258819
vn -0.000014 0.965926 -0.258819
vn -0.000014 0.866025 -0.500000
vn -0.000014 0.866025 -0.500000
vn -0.000014 0.707107 -0.707107
vn -0.000014 0.707107 -0.707107
vn -0.000014 0.500000 -0.866025
vn -0.000014 0.500000 -0.866025
vn -0.000014 -0.258819 -0.965926
vn -0.000014 0.000000 -1.000000
vn -0.000014 0.258819 -0.965926
vn -0.000014 0.500000 -0.866025
vn -0.000014 0.707107 -0.707107
vn -0.000014 0.866025 -0.500000
vn -0.000014 0.965926 -0.258819
vn -0.000014 1.000000 0.000000
vn -0.000014 0.965926 0.258819
vn -0.000014 0.866025 0.500000
vn -0.000014 0.707107 0.707107
vn -0.000014 0.500000 0.866025
vn -0.000014 0.258819 0.965926
vn -0.000014 0.000000 1.000000
vn -0.000014 -0.258819 0.965926
vn -0.000014 -0.500000 0.866025
vn -0.000014 -0.707107 0.707107
vn -0.000014 -0.866025 0.500000
vn -0.000014 -0.965926 0.258819
vn -0.000014 -1.000000 0.000000
vn -0.000014 -0.965926 -0.258819
vn -0.000014 -0.866025 -0.500000
vn -0.000014 -0.707107 -0.707107
vn -0.000014 -0.500000 -0.866025
usemtl Chrome_-_Black
f 2/1/1 25/2/2 1/3/3
f 4/4/4 25/5/5 3/6/6
f 6/7/7 25/8/8 5/9/9
f 8/10/10 25/11/11 7/12/12
f 10/13/13 25/14/14 9/15/15
f 12/16/16 25/17/17 11/18/18
f 14/19/19 25/20/20 13/21/21
f 16/22/22 25/23/23 15/24/24
f 18/25/25 25/26/26 17/27/27
f 20/28/28 25/29/29 19/30/30
f 22/31/31 25/32/32 21/33/33
f 24/34/34 25/35/35 23/36/36
f 13/37/21 25/38/37 12/16/16
f 5/9/9 25/39/38 4/4/4
f 21/33/33 25/40/39 20/28/28
f 11/18/18 25/41/40 10/13/13
f 9/15/15 25/42/41 8/10/10
f 7/12/12 25/43/42 6/7/7
f 3/6/6 25/44/43 2/1/1
f 1/3/3 25/45/44 24/34/34
f 23/36/36 25/46/45 22/31/31
f 19/30/30 25/47/46 18/25/25
f 17/27/27 25/48/47 16/22/22
f 15/24/24 25/49/48 14/19/19
f 27/50/49 52/51/50 26/52/51
f 29/53/52 52/54/53 28/55/54
f 31/56/55 52/57/56 30/58/57
f 32/59/58 52/60/59 31/56/55
f 34/61/60 52/62/61 33/63/62
f 36/64/63 52/65/64 35/66/65
f 38/67/66 52/68/67 37/69/68
f 40/70/69 52/71/70 39/72/71
f 42/73/72 52/74/73 41/75/74
f 44/76/75 52/77/76 43/78/77
f 46/79/78 52/80/79 45/81/80
f 48/82/81 52/83/82 47/84/83
f 49/85/84 52/86/85 48/82/81
f 51/87/86 52/88/87 50/89/88
f 39/90/71 52/91/89 38/67/66
f 37/69/68 52/92/90 36/64/63
f 35/66/65 52/93/91 34/61/60
f 33/63/62 52/94/92 32/59/58
f 30/58/57 52/95/93 29/53/52
f 28/55/54 52/96/94 27/50/49
f 26/52/51 52/97/95 51/87/86
f 50/89/88 52/98/96 49/85/84
f 47/84/83 52/99/97 46/79/78
f 45/81/80 52/100/98 44/76/75
f 43/78/77 52/101/99 42/73/72
f 41/75/74 52/102/100 40/70/69
f 27/103/101 26/104/102 53/105/103
f 53/105/103 26/104/102 51/106/104
f 53/105/103 51/106/104 77/107/105
f 77/107/105 51/106/104 50/108/106
f 77/107/105 50/108/106 76/109/107
f 76/109/107 50/108/106 49/110/108
f 76/109/107 49/110/108 75/111/109
f 75/111/109 49/110/108 48/112/110
f 75/111/109 48/112/110 74/113/111
f 74/113/111 48/112/110 47/114/112
f 74/113/111 47/114/112 73/115/113
f 73/115/113 47/114/112 46/116/114
f 73/115/113 46/116/114 72/117/115
f 72/117/115 46/116/114 45/118/116
f 72/117/115 45/118/116 71/119/117
f 71/119/117 45/118/116 44/120/118
f 71/119/117 44/120/118 70/121/119
f 70/121/119 44/120/118 43/122/120
f 70/121/119 43/122/120 69/123/121
f 69/123/121 43/122/120 42/124/122
f 69/123/121 42/124/122 68/125/123
f 68/125/123 42/124/122 41/126/124
f 68/125/123 41/126/124 67/127/125
f 67/127/125 41/126/124 40/128/126
f 67/127/125 40/128/126 66/129/127
f 66/129/127 40/128/126 39/130/128
f 66/129/127 39/130/128 65/131/129
f 65/132/129 39/133/128 38/134/130
f 65/132/129 38/134/130 64/135/131
f 64/135/131 38/134/130 37/136/132
f 64/135/131 37/136/132 63/137/133
f 63/137/133 37/136/132 36/138/134
f 63/137/133 36/138/134 62/139/135
f 62/139/135 36/138/134 35/140/136
f 62/139/135 35/140/136 61/141/137
f 61/141/137 35/140/136 34/142/138
f 61/141/137 34/142/138 60/143/139
f 60/143/139 34/142/138 33/144/140
f 60/143/139 33/144/140 59/145/141
f 59/145/141 33/144/140 32/146/142
f 59/145/141 32/146/142 58/147/143
f 58/147/143 32/146/142 31/148/144
f 58/147/143 31/148/144 57/149/145
f 57/149/145 31/148/144 30/150/146
f 57/149/145 30/150/146 56/151/147
f 56/151/147 30/150/146 29/152/148
f 56/151/147 29/152/148 55/153/149
f 55/153/149 29/152/148 28/154/150
f 55/153/149 28/154/150 54/155/151
f 54/155/151 28/154/150 27/103/101
f 54/155/151 27/103/101 53/105/103
f 77/156/152 105/157/153 53/158/154
f 53/158/154 105/157/153 78/159/155
f 53/158/154 78/159/155 79/160/156
f 105/157/153 77/156/152 104/161/157
f 104/161/157 77/156/152 76/162/158
f 104/161/157 76/162/158 103/163/159
f 103/163/159 76/162/158 75/164/160
f 103/163/159 75/164/160 102/165/161
f 102/165/161 75/164/160 74/166/162
f 102/165/161 74/166/162 101/167/163
f 101/167/163 74/166/162 73/168/164
f 101/167/163 73/168/164 100/169/165
f 100/169/165 73/168/164 72/170/166
f 100/169/165 72/170/166 99/171/167
f 99/171/167 72/170/166 71/172/168
f 99/171/167 71/172/168 98/173/169
f 98/173/169 71/172/168 70/174/170
f 98/173/169 70/174/170 97/175/171
f 97/175/171 70/174/170 96/176/172
f 96/176/172 70/174/170 69/177/173
f 96/176/172 69/177/173 95/178/174
f 95/178/174 69/177/173 68/179/175
f 95/178/174 68/179/175 94/180/176
f 94/180/176 68/179/175 67/181/177
f 94/180/176 67/181/177 93/182/178
f 93/182/178 67/181/177 66/183/179
f 93/182/178 66/183/179 92/184/180
f 92/184/180 66/183/179 65/185/181
f 92/184/180 65/185/181 91/186/182
f 91/186/182 65/185/181 64/187/183
f 91/186/182 64/187/183 90/188/184
f 90/188/184 64/187/183 63/189/185
f 90/188/184 63/189/185 89/190/186
f 89/190/186 63/189/185 62/191/187
f 89/190/186 62/191/187 88/192/188
f 88/192/188 62/191/187 61/193/189
f 88/192/188 61/193/189 87/194/190
f 87/194/190 61/193/189 86/195/191
f 86/195/191 61/193/189 60/196/192
f 86/195/191 60/196/192 85/197/193
f 85/197/193 60/196/192 59/198/194
f 85/197/193 59/198/194 84/199/195
f 84/199/195 59/198/194 58/200/196
f 84/199/195 58/200/196 83/201/197
f 83/201/197 58/200/196 57/202/198
f 83/201/197 57/202/198 82/203/199
f 82/203/199 57/202/198 56/204/200
f 82/203/199 56/204/200 81/205/201
f 81/205/201 56/204/200 55/206/202
f 81/205/201 55/206/202 80/207/203
f 80/207/203 55/206/202 54/208/204
f 80/207/203 54/208/204 79/160/156
f 79/160/156 54/208/204 53/158/154
f 105/209/205 133/210/206 78/211/207
f 78/211/207 133/210/206 106/212/208
f 78/211/207 106/212/208 79/213/209
f 79/213/209 106/212/208 107/214/210
f 79/213/209 107/214/210 80/215/211
f 80/215/211 107/214/210 108/216/212
f 80/215/211 108/216/212 81/217/213
f 81/217/213 108/216/212 109/218/214
f 81/217/213 109/218/214 82/219/215
f 82/219/215 109/218/214 110/220/216
f 82/219/215 110/220/216 83/221/217
f 83/221/217 110/220/216 111/222/218
f 83/221/217 111/222/218 84/223/219
f 84/223/219 111/222/218 112/224/220
f 84/223/219 112/224/220 85/225/221
f 85/225/221 112/224/220 113/226/222
f 85/225/221 113/226/222 86/227/223
f 86/227/223 113/226/222 114/228/224
f 86/227/223 114/228/224 87/229/225
f 87/229/225 114/228/224 115/230/226
f 87/229/225 115/230/226 88/231/227
f 88/231/227 115/230/226 116/232/228
f 88/231/227 116/232/228 89/233/229
f 89/233/229 116/232/228 117/234/230
f 89/233/229 117/234/230 90/235/231
f 90/235/231 117/234/230 118/236/232
f 90/235/231 118/236/232 91/237/233
f 91/237/233 118/236/232 119/238/234
f 91/237/233 119/238/234 92/239/235
f 92/239/235 119/238/234 120/240/236
f 92/241/235 120/242/236 93/243/237
f 93/243/237 120/242/236 121/244/238
f 93/243/237 121/244/238 94/245/239
f 94/245/239 121/244/238 122/246/240
f 94/245/239 122/246/240 95/247/241
f 95/247/241 122/246/240 123/248/242
f 95/247/241 123/248/242 96/249/243
f 96/249/243 123/248/242 124/250/244
f 96/249/243 124/250/244 97/251/245
f 97/251/245 124/250/244 125/252/246
f 97/251/245 125/252/246 98/253/247
f 98/253/247 125/252/246 126/254/248
f 98/253/247 126/254/248 99/255/249
f 99/255/249 126/254/248 127/256/250
f 99/255/249 127/256/250 100/257/251
f 100/257/251 127/256/250 128/258/252
f 100/257/251 128/258/252 101/259/253
f 101/259/253 128/258/252 129/260/254
f 101/259/253 129/260/254 102/261/255
f 102/261/255 129/260/254 130/262/256
f 102/261/255 130/262/256 103/263/257
f 103/263/257 130/262/256 131/264/258
f 103/263/257 131/264/258 104/265/259
f 104/265/259 131/264/258 132/266/260
f 104/265/259 132/266/260 105/209/205
f 105/209/205 132/266/260 133/210/206
f 107/267/261 106/268/262 134/269/263
f 134/269/263 106/268/262 133/270/264
f 134/269/263 133/270/264 157/271/265
f 157/271/265 133/270/264 132/272/266
f 157/271/265 132/272/266 156/273/267
f 156/273/267 132/272/266 131/274/268
f 156/273/267 131/274/268 155/275/269
f 155/275/269 131/274/268 130/276/270
f 155/275/269 130/276/270 154/277/271
f 154/277/271 130/276/270 129/278/272
f 154/277/271 129/278/272 153/279/273
f 153/279/273 129/278/272 128/280/274
f 153/279/273 128/280/274 152/281/275
f 152/281/275 128/280/274 127/282/276
f 152/281/275 127/282/276 126/283/277
f 152/281/275 126/283/277 151/284/278
f 151/284/278 126/283/277 125/285/279
f 151/284/278 125/285/279 150/286/280
f 150/286/280 125/285/279 124/287/281
f 150/286/280 124/287/281 149/288/282
f 149/288/282 124/287/281 123/289/283
f 149/288/282 123/289/283 148/290/284
f 148/290/284 123/289/283 122/291/285
f 148/290/284 122/291/285 147/292/286
f 147/292/286 122/291/285 121/293/287
f 147/292/286 121/293/287 146/294/288
f 146/294/288 121/293/287 120/295/289
f 146/296/288 120/297/289 119/298/290
f 146/296/288 119/298/290 145/299/291
f 145/299/291 119/298/290 118/300/292
f 145/299/291 118/300/292 144/301/293
f 144/301/293 118/300/292 117/302/294
f 144/301/293 117/302/294 143/303/295
f 143/303/295 117/302/294 116/304/296
f 143/303/295 116/304/296 142/305/297
f 142/305/297 116/304/296 115/306/298
f 142/305/297 115/306/298 141/307/299
f 141/307/299 115/306/298 114/308/300
f 141/307/299 114/308/300 140/309/301
f 140/309/301 114/308/300 113/310/302
f 140/309/301 113/310/302 112/311/303
f 140/309/301 112/311/303 139/312/304
f 139/312/304 112/311/303 111/313/305
f 139/312/304 111/313/305 138/314/306
f 138/314/306 111/313/305 110/315/307
f 138/314/306 110/315/307 137/316/308
f 137/316/308 110/315/307 109/317/309
f 137/316/308 109/317/309 136/318/310
f 136/318/310 109/317/309 108/319/311
f 136/318/310 108/319/311 135/320/312
f 135/320/312 108/319/311 107/267/261
f 135/320/312 107/267/261 134/269/263
f 157/321/313 159/322/314 134/323/315
f 134/323/315 159/322/314 160/324/316
f 134/323/315 160/324/316 135/325/317
f 135/325/317 160/324/316 181/326/318
f 135/325/317 181/326/318 136/327/319
f 136/327/319 181/326/318 180/328/320
f 136/327/319 180/328/320 137/329/321
f 137/329/321 180/328/320 179/330/322
f 137/329/321 179/330/322 138/331/323
f 138/331/323 179/330/322 178/332/324
f 138/331/323 178/332/324 139/333/325
f 139/333/325 178/332/324 177/334/326
f 139/333/325 177/334/326 140/335/327
f 140/335/327 177/334/326 176/336/328
f 140/335/327 176/336/328 141/337/329
f 141/337/329 176/336/328 175/338/330
f 141/337/329 175/338/330 142/339/331
f 142/339/331 175/338/330 174/340/332
f 142/339/331 174/340/332 143/341/333
f 143/341/333 174/340/332 173/342/334
f 143/341/333 173/342/334 144/343/335
f 144/343/335 173/342/334 172/344/336
f 144/343/335 172/344/336 145/345/337
f 145/345/337 172/344/336 171/346/338
f 145/345/337 171/346/338 146/347/339
f 146/347/339 171/346/338 158/348/340
f 146/349/339 158/350/340 147/351/341
f 147/351/341 158/350/340 170/352/342
f 147/351/341 170/352/342 148/353/343
f 148/353/343 170/352/342 169/354/344
f 148/353/343 169/354/344 149/355/345
f 149/355/345 169/354/344 168/356/346
f 149/355/345 168/356/346 150/357/347
f 150/357/347 168/356/346 167/358/348
f 150/357/347 167/358/348 151/359/349
f 151/359/349 167/358/348 166/360/350
f 151/359/349 166/360/350 152/361/351
f 152/361/351 166/360/350 165/362/352
f 152/361/351 165/362/352 153/363/353
f 153/363/353 165/362/352 164/364/354
f 153/363/353 164/364/354 154/365/355
f 154/365/355 164/364/354 163/366/356
f 154/365/355 163/366/356 155/367/357
f 155/367/357 163/366/356 162/368/358
f 155/367/357 162/368/358 156/369/359
f 156/369/359 162/368/358 161/370/360
f 156/369/359 161/370/360 157/321/313
f 157/321/313 161/370/360 159/322/314
f 24/371/361 181/326/318 1/372/362
f 1/372/362 181/326/318 160/324/316
f 1/372/362 160/324/316 2/373/363
f 2/373/363 160/324/316 159/322/314
f 2/373/363 159/322/314 3/374/364
f 3/374/364 159/322/314 161/370/360
f 3/374/364 161/370/360 4/375/365
f 4/375/365 161/370/360 162/368/358
f 4/375/365 162/368/358 5/376/366
f 5/376/366 162/368/358 163/366/356
f 5/376/366 163/366/356 6/377/367
f 6/377/367 163/366/356 164/364/354
f 6/377/367 164/364/354 7/378/368
f 7/378/368 164/364/354 165/362/352
f 7/378/368 165/362/352 8/379/369
f 8/379/369 165/362/352 166/360/350
f 8/379/369 166/360/350 9/380/370
f 9/380/370 166/360/350 167/358/348
f 9/380/370 167/358/348 10/381/371
f 10/381/371 167/358/348 168/356/346
f 10/381/371 168/356/346 11/382/372
f 11/382/372 168/356/346 169/354/344
f 11/382/372 169/354/344 12/383/373
f 12/383/373 169/354/344 170/352/342
f 12/383/373 170/352/342 13/384/374
f 13/384/374 170/352/342 158/350/340
f 13/385/374 158/348/340 14/386/375
f 14/386/375 158/348/340 171/346/338
f 14/386/375 171/346/338 15/387/376
f 15/387/376 171/346/338 172/344/336
f 15/387/376 172/344/336 16/388/377
f 16/388/377 172/344/336 173/342/334
f 16/388/377 173/342/334 17/389/378
f 17/389/378 173/342/334 174/340/332
f 17/389/378 174/340/332 18/390/379
f 18/390/379 174/340/332 175/338/330
f 18/390/379 175/338/330 19/391/380
f 19/391/380 175/338/330 176/336/328
f 19/391/380 176/336/328 20/392/381
f 20/392/381 176/336/328 177/334/326
f 20/392/381 177/334/326 21/393/382
f 21/393/382 177/334/326 178/332/324
f 21/393/382 178/332/324 22/394/383
f 22/394/383 178/332/324 179/330/322
f 22/394/383 179/330/322 23/395/384
f 23/395/384 179/330/322 180/328/320
f 23/395/384 180/328/320 24/371/361
f 24/371/361 180/328/320 181/326/318
g PGK_SPINNING_RING

v 13.497984 0.278659 0.415149
v 13.497984 0.166661 0.471407
v 13.497984 0.044191 0.498043
v 13.497984 -0.081056 0.493386
v 13.497984 -0.201209 0.457728
v 13.497984 -0.308720 0.393309
v 13.497984 -0.396833 0.304177
v 13.497984 -0.460012 0.195932
v 13.497984 -0.494286 0.075376
v 13.497984 -0.497502 -0.049916
v 13.497984 -0.469459 -0.172071
v 13.497984 -0.411917 -0.283415
v 13.497984 -0.328494 -0.376951
v 13.497984 -0.224430 -0.446801
v 13.497984 -0.106264 -0.488578
v 13.497984 0.018579 -0.499655
v 13.497984 0.142254 -0.479337
v 13.497984 0.256991 -0.428900
v 13.497984 0.355581 -0.351515
v 13.497984 0.431827 -0.252042
v 13.497984 0.480941 -0.136732
v 13.497984 0.499835 -0.012831
v 13.497984 0.487323 0.111876
v 13.497984 0.444191 0.229553
v 13.497984 0.373148 0.332807
v 13.500000 0.668782 0.996359
v 13.500000 0.823656 0.872692
v 13.500000 0.956063 0.725220
v 13.500000 1.062390 0.557966
v 13.500000 1.139739 0.375493
v 13.500000 1.185999 0.182777
v 13.500000 1.199907 -0.014925
v 13.500000 1.181085 -0.212220
v 13.500000 1.130047 -0.403726
v 13.500000 1.048183 -0.584219
v 13.500000 0.937728 -0.748776
v 13.500000 0.801694 -0.892909
v 13.500000 0.643792 -1.012685
v 13.500000 0.468329 -1.104838
v 13.500000 0.280091 -1.166854
v 13.500000 0.084213 -1.197041
v 13.500000 -0.113962 -1.194576
v 13.500000 -0.309028 -1.159526
v 13.500000 -0.495665 -1.092848
v 13.500000 -0.668782 -0.996359
v 13.500000 -0.823656 -0.872692
v 13.500000 -0.956063 -0.725220
v 13.500000 -1.062390 -0.557966
v 13.500000 -1.139739 -0.375493
v 13.500000 -1.185999 -0.182777
v 13.500000 -1.199907 0.014925
v 13.500000 -1.181085 0.212220
v 13.500000 -1.130047 0.403726
v 13.500000 -1.048183 0.584219
v 13.500000 -0.937728 0.748776
v 13.500000 -0.801694 0.892909
v 13.500000 -0.643792 1.012685
v 13.500000 -0.468329 1.104838
v 13.500000 -0.280091 1.166854
v 13.500000 -0.084213 1.197041
v 13.500000 0.113962 1.194576
v 13.500000 0.309028 1.159526
v 13.500000 0.495665 1.092848
v 16.000000 0.390123 0.581209
v 16.000000 0.505945 0.483756
v 16.000000 0.598109 0.363683
v 16.000000 0.662307 0.226604
v 16.000000 0.695536 0.078930
v 16.000000 0.696242 -0.072435
v 16.000000 0.664393 -0.220413
v 16.000000 0.601478 -0.358085
v 16.000000 0.510438 -0.479013
v 16.000000 0.395531 -0.577543
v 16.000000 0.262129 -0.649067
v 16.000000 0.116470 -0.690243
v 16.000000 -0.034635 -0.699143
v 16.000000 -0.184120 -0.675352
v 16.000000 -0.324996 -0.619982
v 16.000000 -0.450676 -0.535623
v 16.000000 -0.555282 -0.426218
v 16.000000 -0.633924 -0.296884
v 16.000000 -0.682925 -0.153668
v 16.000000 -0.699992 -0.003267
v 16.000000 -0.684329 0.147287
v 16.000000 -0.636668 0.290954
v 16.000000 -0.559236 0.421017
v 16.000000 -0.455655 0.531393
v 16.000000 -0.330769 0.616922
v 16.000000 -0.190416 0.673604
v 16.000000 -0.041159 0.698789
v 16.000000 0.110022 0.691300
v 16.000000 0.256059 0.651486
v 16.009184 0.278659 0.415149
v 16.009184 0.373148 0.332807
v 16.009184 0.444191 0.229553
v 16.009184 0.487323 0.111876
v 16.009184 0.499835 -0.012831
v 16.009184 0.480941 -0.136732
v 16.009184 0.431827 -0.252042
v 16.009184 0.355581 -0.351515
v 16.009184 0.256991 -0.428900
v 16.009184 0.142254 -0.479337
v 16.009184 0.018579 -0.499655
v 16.009184 -0.106264 -0.488577
v 16.009184 -0.224430 -0.446801
v 16.009184 -0.328494 -0.376951
v 16.009184 -0.411917 -0.283415
v 16.009184 -0.469459 -0.172071
v 16.009184 -0.497502 -0.049916
v 16.009184 -0.494286 0.075376
v 16.009184 -0.460012 0.195932
v 16.009184 -0.396833 0.304177
v 16.009184 -0.308720 0.393309
v 16.009184 -0.201209 0.457728
v 16.009184 -0.081056 0.493386
v 16.009184 0.044191 0.498043
v 16.009184 0.166661 0.471407
vt 0.350001 0.213628 0.000000
vt -0.350001 0.140545 0.000000
vt 0.350001 0.000000 0.000000
vt -0.350001 0.000000 0.000000
vt -0.350001 -0.140545 0.000000
vt -0.350001 0.281090 0.000000
vt 0.350001 0.427257 0.000000
vt -0.350001 0.421635 0.000000
vt -0.350001 0.562180 0.000000
vt 0.350001 0.640885 0.000000
vt -0.350001 0.702725 0.000000
vt 0.350001 0.854513 0.000000
vt -0.350001 0.843270 0.000000
vt -0.350001 0.983815 0.000000
vt 0.350001 1.068142 0.000000
vt -0.350001 1.124359 0.000000
vt 0.350001 1.281770 0.000000
vt -0.350001 1.264904 0.000000
vt -0.350001 1.405449 0.000000
vt 0.350001 1.495398 0.000000
vt -0.350001 1.545994 0.000000
vt 0.350001 1.709026 0.000000
vt -0.350001 1.686539 0.000000
vt -0.350001 1.827084 0.000000
vt 0.350001 1.922655 0.000000
vt -0.350001 1.967629 0.000000
vt 0.350001 2.136283 0.000000
vt -0.350001 2.108174 0.000000
vt -0.350001 2.248719 0.000000
vt 0.350001 2.349911 0.000000
vt -0.350001 2.389264 0.000000
vt 0.350001 2.563540 0.000000
vt -0.350001 2.529809 0.000000
vt -0.350001 2.670354 0.000000
vt -0.350001 -2.670354 0.000000
vt 0.350001 -2.777168 0.000000
vt 0.350001 -2.563540 0.000000
vt -0.350001 -2.529809 0.000000
vt -0.350001 -2.389264 0.000000
vt 0.350001 -2.349911 0.000000
vt -0.350001 -2.248719 0.000000
vt 0.350001 -2.136283 0.000000
vt -0.350001 -2.108174 0.000000
vt -0.350001 -1.967629 0.000000
vt 0.350001 -1.922655 0.000000
vt -0.350001 -1.827084 0.000000
vt 0.350001 -1.709026 0.000000
vt -0.350001 -1.686539 0.000000
vt -0.350001 -1.545994 0.000000
vt 0.350001 -1.495398 0.000000
vt -0.350001 -1.405449 0.000000
vt 0.350001 -1.281770 0.000000
vt -0.350001 -1.264904 0.000000
vt -0.350001 -1.124359 0.000000
vt 0.350001 -1.068142 0.000000
vt -0.350001 -0.983815 0.000000
vt 0.350001 -0.854513 0.000000
vt -0.350001 -0.843270 0.000000
vt -0.350001 -0.702725 0.000000
vt 0.350001 -0.640885 0.000000
vt -0.350001 -0.562180 0.000000
vt 0.350001 -0.427257 0.000000
vt -0.350001 -0.421635 0.000000
vt -0.350001 -0.281090 0.000000
vt 0.350001 -0.213628 0.000000
vt 1.274755 -0.157080 0.000000
vt 1.274755 0.000000 0.000000
vt -1.274755 0.000000 0.000000
vt 1.274755 0.157080 0.000000
vt -1.274755 0.205828 0.000000
vt 1.274755 0.314159 0.000000
vt -1.274755 0.411657 0.000000
vt 1.274755 0.471239 0.000000
vt -1.274755 0.617485 0.000000
vt 1.274755 0.628319 0.000000
vt 1.274755 0.785398 0.000000
vt -1.274755 0.823314 0.000000
vt 1.274755 0.942478 0.000000
vt -1.274755 1.029142 0.000000
vt 1.274755 1.099557 0.000000
vt -1.274755 1.234971 0.000000
vt 1.274755 1.256637 0.000000
vt 1.274755 1.413717 0.000000
vt -1.274755 1.440799 0.000000
vt 1.274755 1.570796 0.000000
vt -1.274755 1.646628 0.000000
vt 1.274755 1.727876 0.000000
vt -1.274755 1.852456 0.000000
vt 1.274755 1.884956 0.000000
vt -1.274755 2.058285 0.000000
vt 1.274755 2.042035 0.000000
vt 1.274755 2.199115 0.000000
vt -1.274755 2.264113 0.000000
vt 1.274755 2.356195 0.000000
vt -1.274755 2.469942 0.000000
vt 1.274755 2.513274 0.000000
vt -1.274755 2.675770 0.000000
vt 1.274755 2.670354 0.000000
vt 1.274755 2.827433 0.000000
vt -1.274755 2.881599 0.000000
vt 1.274755 2.984513 0.000000
vt -1.274755 3.087427 0.000000
vt -1.274755 -2.881599 0.000000
vt 1.274755 -2.984513 0.000000
vt 1.274755 -2.827433 0.000000
vt -1.274755 -2.675770 0.000000
vt 1.274755 -2.670354 0.000000
vt 1.274755 -2.513274 0.000000
vt -1.274755 -2.469942 0.000000
vt 1.274755 -2.356195 0.000000
vt -1.274755 -2.264113 0.000000
vt 1.274755 -2.199115 0.000000
vt -1.274755 -2.058285 0.000000
vt 1.274755 -2.042035 0.000000
vt 1.274755 -1.884956 0.000000
vt -1.274755 -1.852456 0.000000
vt 1.274755 -1.727876 0.000000
vt -1.274755 -1.646628 0.000000
vt 1.274755 -1.570796 0.000000
vt -1.274755 -1.440799 0.000000
vt 1.274755 -1.413717 0.000000
vt -1.274755 -1.234971 0.000000
vt 1.274755 -1.256637 0.000000
vt 1.274755 -1.099557 0.000000
vt -1.274755 -1.029142 0.000000
vt 1.274755 -0.942478 0.000000
vt -1.274755 -0.823314 0.000000
vt 1.274755 -0.785398 0.000000
vt -1.274755 -0.617485 0.000000
vt 1.274755 -0.628319 0.000000
vt 1.274755 -0.471239 0.000000
vt -1.274755 -0.411657 0.000000
vt 1.274755 -0.314159 0.000000
vt -1.274755 -0.205828 0.000000
vt 0.100105 -0.129997 0.000000
vt 0.100105 0.000000 0.000000
vt -0.100105 0.000000 0.000000
vt 0.100105 0.129997 0.000000
vt -0.100105 0.150796 0.000000
vt 0.100105 0.259994 0.000000
vt -0.100105 0.301593 0.000000
vt 0.100105 0.389991 0.000000
vt -0.100105 0.452389 0.000000
vt 0.100105 0.519988 0.000000
vt -0.100105 0.603186 0.000000
vt 0.100105 0.649985 0.000000
vt -0.100105 0.753982 0.000000
vt 0.100105 0.779982 0.000000
vt -0.100105 0.904779 0.000000
vt 0.100105 0.909979 0.000000
vt 0.100105 1.039976 0.000000
vt -0.100105 1.055575 0.000000
vt 0.100105 1.169972 0.000000
vt -0.100105 1.206372 0.000000
vt 0.100105 1.299969 0.000000
vt -0.100105 1.357168 0.000000
vt 0.100105 1.429966 0.000000
vt -0.100105 1.507964 0.000000
vt 0.100105 1.559963 0.000000
vt -0.100105 1.658761 0.000000
vt 0.100105 1.689960 0.000000
vt -0.100105 1.809557 0.000000
vt 0.100105 1.819957 0.000000
vt 0.100105 1.949954 0.000000
vt -0.100105 1.960354 0.000000
vt -0.100105 -1.809557 0.000000
vt 0.100105 -1.819957 0.000000
vt 0.100105 -1.689960 0.000000
vt -0.100105 -1.658761 0.000000
vt 0.100105 -1.559963 0.000000
vt -0.100105 -1.507964 0.000000
vt 0.100105 -1.429966 0.000000
vt -0.100105 -1.357168 0.000000
vt 0.100105 -1.299969 0.000000
vt -0.100105 -1.206372 0.000000
vt 0.100105 -1.169972 0.000000
vt -0.100105 -1.055575 0.000000
vt 0.100105 -1.039976 0.000000
vt -0.100105 -0.904779 0.000000
vt 0.100105 -0.909979 0.000000
vt 0.100105 -0.779982 0.000000
vt -0.100105 -0.753982 0.000000
vt 0.100105 -0.649985 0.000000
vt -0.100105 -0.603186 0.000000
vt 0.100105 -0.519988 0.000000
vt -0.100105 -0.452389 0.000000
vt 0.100105 -0.389991 0.000000
vt -0.100105 -0.301593 0.000000
vt 0.100105 -0.259994 0.000000
vt -0.100105 -0.150796 0.000000
vt 1.255600 0.125664 0.000000
vt -1.255600 0.000000 0.000000
vt 1.255600 0.000000 0.000000
vt -1.255600 -0.125664 0.000000
vt 1.255600 -0.125664 0.000000
vt -1.255600 -0.251327 0.000000
vt 1.255600 -0.251327 0.000000
vt -1.255600 -0.376991 0.000000
vt 1.255600 -0.376991 0.000000
vt -1.255600 -0.502655 0.000000
vt 1.255600 -0.502655 0.000000
vt -1.255600 -0.628319 0.000000
vt 1.255600 -0.628319 0.000000
vt -1.255600 -0.753982 0.000000
vt 1.255600 -0.753982 0.000000
vt -1.255600 -0.879646 0.000000
vt 1.255600 -0.879646 0.000000
vt -1.255600 -1.005310 0.000000
vt 1.255600 -1.005310 0.000000
vt -1.255600 -1.130973 0.000000
vt 1.255600 -1.130973 0.000000
vt -1.255600 -1.256637 0.000000
vt 1.255600 -1.256637 0.000000
vt -1.255600 -1.382301 0.000000
vt 1.255600 -1.382301 0.000000
vt -1.255600 -1.507964 0.000000
vt 1.255600 -1.507964 0.000000
vt 1.255600 1.633628 0.000000
vt -1.255600 1.633628 0.000000
vt -1.255600 1.507964 0.000000
vt 1.255600 1.507964 0.000000
vt -1.255600 1.382301 0.000000
vt 1.255600 1.382301 0.000000
vt -1.255600 1.256637 0.000000
vt 1.255600 1.256637 0.000000
vt -1.255600 1.130973 0.000000
vt 1.255600 1.130973 0.000000
vt -1.255600 1.005310 0.000000
vt 1.255600 1.005310 0.000000
vt -1.255600 0.879646 0.000000
vt 1.255600 0.879646 0.000000
vt -1.255600 0.753982 0.000000
vt 1.255600 0.753982 0.000000
vt -1.255600 0.628319 0.000000
vt 1.255600 0.628319 0.000000
vt -1.255600 0.502655 0.000000
vt 1.255600 0.502655 0.000000
vt -1.255600 0.376991 0.000000
vt 1.255600 0.376991 0.000000
vt -1.255600 0.251327 0.000000
vt 1.255600 0.251327 0.000000
vt -1.255600 0.125664 0.000000
vn -0.999996 0.000960 0.002715
vn -0.999996 0.001190 0.002623
vn -0.999996 0.001605 0.002391
vn -0.999996 0.001605 0.002391
vn -0.999996 0.001977 0.002094
vn -0.999996 0.000742 0.002783
vn -0.999996 0.000255 0.002869
vn -0.999996 0.000273 0.002867
vn -0.999996 -0.000202 0.002873
vn -0.999996 -0.000467 0.002842
vn -0.999996 -0.000672 0.002800
vn -0.999996 -0.001159 0.002636
vn -0.999996 -0.001124 0.002652
vn -0.999996 -0.001545 0.002430
vn -0.999996 -0.001778 0.002265
vn -0.999996 -0.001924 0.002143
vn -0.999996 -0.002286 0.001752
vn -0.999996 -0.002250 0.001797
vn -0.999996 -0.002516 0.001402
vn -0.999996 -0.002650 0.001129
vn -0.999996 -0.002712 0.000969
vn -0.999996 -0.002847 0.000434
vn -0.999996 -0.002835 0.000509
vn -0.999996 -0.002880 0.000036
vn -0.999996 -0.002866 -0.000288
vn -0.999996 -0.002846 -0.000439
vn -0.999996 -0.002704 -0.000991
vn -0.999996 -0.002735 -0.000901
vn -0.999996 -0.002550 -0.001339
vn -0.999996 -0.002373 -0.001632
vn -0.999996 -0.002294 -0.001740
vn -0.999996 -0.001892 -0.002171
vn -0.999996 -0.001977 -0.002094
vn -0.999996 -0.001605 -0.002391
vn -0.999996 -0.001293 -0.002573
vn -0.999996 -0.001190 -0.002623
vn -0.999996 -0.000742 -0.002783
vn -0.999996 -0.000612 -0.002814
vn -0.999996 -0.000273 -0.002867
vn -0.999996 0.000107 -0.002878
vn -0.999996 0.000202 -0.002873
vn -0.999996 0.000672 -0.002800
vn -0.999996 0.000819 -0.002761
vn -0.999996 0.001124 -0.002652
vn -0.999996 0.001480 -0.002470
vn -0.999996 0.001545 -0.002430
vn -0.999996 0.001924 -0.002143
vn -0.999996 0.002048 -0.002025
vn -0.999996 0.002250 -0.001797
vn -0.999996 0.002487 -0.001452
vn -0.999996 0.002516 -0.001402
vn -0.999996 0.002712 -0.000969
vn -0.999996 0.002770 -0.000788
vn -0.999996 0.002835 -0.000509
vn -0.999996 0.002879 -0.000074
vn -0.999996 0.002880 -0.000036
vn -0.999996 0.002846 0.000439
vn -0.999996 0.002807 0.000644
vn -0.999996 0.002735 0.000901
vn -0.999996 0.002558 0.001322
vn -0.999996 0.002550 0.001339
vn -0.999996 0.002294 0.001740
vn -0.999996 0.002149 0.001917
vn 0.196116 0.673051 0.713121
vn 0.196116 0.546495 0.814175
vn 0.196116 0.546495 0.814175
vn 0.196116 0.405033 0.893021
vn 0.196116 0.358695 0.912621
vn 0.196116 0.252523 0.947508
vn 0.196116 0.154123 0.968393
vn 0.196116 0.093124 0.976149
vn 0.196116 -0.057657 0.978884
vn 0.196116 -0.068815 0.978163
vn 0.196116 -0.228877 0.953496
vn 0.196116 -0.266740 0.943604
vn 0.196116 -0.382695 0.902819
vn 0.196116 -0.463350 0.864202
vn 0.196116 -0.526075 0.827516
vn 0.196116 -0.638295 0.744391
vn 0.196116 -0.655105 0.729641
vn 0.196116 -0.766265 0.611863
vn 0.196116 -0.783394 0.589773
vn 0.196116 -0.856524 0.477395
vn 0.196116 -0.891863 0.407577
vn 0.196116 -0.923418 0.329905
vn 0.196116 -0.958629 0.206324
vn 0.196116 -0.965125 0.173416
vn 0.196116 -0.980570 -0.004576
vn 0.196116 -0.980505 0.012196
vn 0.196116 -0.969139 -0.149356
vn 0.196116 -0.956661 -0.215263
vn 0.196116 -0.931338 -0.306834
vn 0.196116 -0.888020 -0.415884
vn 0.196116 -0.868133 -0.455943
vn 0.196116 -0.777856 -0.597059
vn 0.196116 -0.781247 -0.592614
vn 0.196116 -0.673051 -0.713121
vn 0.196116 -0.631320 -0.750316
vn 0.196116 -0.546495 -0.814175
vn 0.196116 -0.455264 -0.868489
vn 0.196116 -0.405033 -0.893021
vn 0.196116 -0.257921 -0.946052
vn 0.196116 -0.252523 -0.947508
vn 0.196116 -0.093124 -0.976149
vn 0.196116 -0.048517 -0.979380
vn 0.196116 0.068815 -0.978163
vn 0.196116 0.163155 -0.966912
vn 0.196116 0.228877 -0.953496
vn 0.196116 0.367198 -0.909233
vn 0.196116 0.382695 -0.902819
vn 0.196116 0.526075 -0.827516
vn 0.196116 0.554071 -0.809039
vn 0.196116 0.655105 -0.729641
vn 0.196116 0.715036 -0.671015
vn 0.196116 0.766265 -0.611863
vn 0.196116 0.842568 -0.501615
vn 0.196116 0.856524 -0.477395
vn 0.196116 0.930701 -0.308761
vn 0.196116 0.923418 -0.329905
vn 0.196116 0.965125 -0.173416
vn 0.196116 0.975317 -0.101469
vn 0.196116 0.980505 -0.012196
vn 0.196116 0.974327 0.110568
vn 0.196116 0.969139 0.149356
vn 0.196116 0.927779 0.317434
vn 0.196116 0.931338 0.306834
vn 0.196116 0.868133 0.455943
vn 0.196116 0.837849 0.509458
vn 0.196116 0.781247 0.592614
vn 0.196116 0.708742 0.677660
vn 0.998947 0.033154 0.031700
vn 0.998947 0.025564 0.038086
vn 0.998947 0.025564 0.038086
vn 0.998947 0.016779 0.042691
vn 0.998947 0.015290 0.043247
vn 0.998947 0.007210 0.045300
vn 0.998947 0.004054 0.045691
vn 0.998947 -0.002697 0.045791
vn 0.998947 -0.007436 0.045264
vn 0.998947 -0.012478 0.044141
vn 0.998947 -0.018459 0.041992
vn 0.998947 -0.021675 0.040426
vn 0.998947 -0.028322 0.036082
vn 0.998947 -0.029859 0.034822
vn 0.998947 -0.036406 0.027905
vn 0.998947 -0.036646 0.027589
vn 0.998947 -0.041720 0.019066
vn 0.998947 -0.042202 0.017975
vn 0.998947 -0.044843 0.009652
vn 0.998947 -0.045346 0.006915
vn 0.998947 -0.045870 -0.000214
vn 0.998947 -0.045641 -0.004579
vn 0.998947 -0.044751 -0.010070
vn 0.998947 -0.043068 -0.015786
vn 0.998947 -0.041540 -0.019455
vn 0.998947 -0.037790 -0.026001
vn 0.998947 -0.036387 -0.027930
vn 0.998947 -0.030136 -0.034582
vn 0.998947 -0.029532 -0.035099
vn 0.998947 -0.021297 -0.040627
vn 0.998947 -0.020589 -0.040990
vn 0.998947 -0.012065 -0.044255
vn 0.998947 -0.009749 -0.044822
vn 0.998947 -0.002270 -0.045814
vn 0.998947 0.001704 -0.045839
vn 0.998947 0.007632 -0.045231
vn 0.998947 0.013050 -0.043975
vn 0.998947 0.017177 -0.042533
vn 0.998947 0.023577 -0.039348
vn 0.998947 0.025919 -0.037846
vn 0.998947 0.032621 -0.032248
vn 0.998947 0.033449 -0.031389
vn 0.998947 0.039616 -0.023122
vn 0.998947 0.039414 -0.023465
vn 0.998947 0.043537 -0.014443
vn 0.998947 0.044122 -0.012544
vn 0.998947 0.045624 -0.004747
vn 0.998947 0.045855 -0.001177
vn 0.998947 0.045578 0.005172
vn 0.998947 0.044707 0.010264
vn 0.998947 0.043400 0.014849
vn 0.998947 0.040750 0.021059
vn 0.998947 0.039194 0.023832
vn 0.998947 0.034233 0.030532
vn 0.000000 -0.333322 -0.942813
vn 0.000000 -0.557318 -0.830299
vn 0.000000 -0.557318 -0.830299
vn 0.000000 -0.746296 -0.665614
vn 0.000000 -0.746296 -0.665614
vn 0.000000 -0.888381 -0.459106
vn 0.000000 -0.888381 -0.459106
vn 0.000000 -0.974646 -0.223751
vn 0.000000 -0.974646 -0.223751
vn 0.000000 -0.999671 0.025663
vn 0.000000 -0.999671 0.025663
vn 0.000000 -0.961882 0.273465
vn 0.000000 -0.961882 0.273465
vn 0.000000 -0.863655 0.504084
vn 0.000000 -0.863655 0.504084
vn 0.000000 -0.711161 0.703029
vn 0.000000 -0.711161 0.703029
vn 0.000000 -0.513982 0.857801
vn 0.000000 -0.513982 0.857801
vn 0.000000 -0.284508 0.958674
vn 0.000000 -0.284508 0.958674
vn 0.000000 -0.037158 0.999309
vn 0.000000 -0.037158 0.999309
vn 0.000000 0.212528 0.977155
vn 0.000000 0.212528 0.977155
vn 0.000000 0.448860 0.893602
vn 0.000000 0.448860 0.893602
vn 0.000000 0.656988 0.753901
vn 0.000000 0.656988 0.753901
vn 0.000000 0.823835 0.566830
vn 0.000000 0.823835 0.566830
vn 0.000000 0.938917 0.344143
vn 0.000000 0.938917 0.344143
vn 0.000000 0.995004 0.099831
vn 0.000000 0.995004 0.099831
vn 0.000000 0.988572 -0.150753
vn 0.000000 0.988572 -0.150753
vn 0.000000 0.920023 -0.391864
vn 0.000000 0.920023 -0.391864
vn 0.000000 0.793666 -0.608353
vn 0.000000 0.793666 -0.608353
vn 0.000000 0.617440 -0.786618
vn 0.000000 0.617440 -0.786618
vn 0.000000 0.402419 -0.915456
vn 0.000000 0.402419 -0.915456
vn 0.000000 0.162111 -0.986772
vn 0.000000 0.162111 -0.986772
vn 0.000000 -0.088382 -0.996087
vn 0.000000 -0.088382 -0.996087
vn 0.000000 -0.333322 -0.942813
usemtl Brass_-_Polished
f 183/396/385 244/397/386 182/398/387
f 182/398/387 244/397/386 207/399/388
f 182/398/387 207/399/388 208/400/389
f 244/397/386 183/396/385 243/401/390
f 243/401/390 183/396/385 184/402/391
f 243/401/390 184/402/391 242/403/392
f 242/403/392 184/402/391 241/404/393
f 241/404/393 184/402/391 185/405/394
f 241/404/393 185/405/394 240/406/395
f 240/406/395 185/405/394 186/407/396
f 240/406/395 186/407/396 239/408/397
f 239/408/397 186/407/396 238/409/398
f 238/409/398 186/407/396 187/410/399
f 238/409/398 187/410/399 237/411/400
f 237/411/400 187/410/399 188/412/401
f 237/411/400 188/412/401 236/413/402
f 236/413/402 188/412/401 235/414/403
f 235/414/403 188/412/401 189/415/404
f 235/414/403 189/415/404 234/416/405
f 234/416/405 189/415/404 190/417/406
f 234/416/405 190/417/406 233/418/407
f 233/418/407 190/417/406 232/419/408
f 232/419/408 190/417/406 191/420/409
f 232/419/408 191/420/409 231/421/410
f 231/421/410 191/420/409 192/422/411
f 231/421/410 192/422/411 230/423/412
f 230/423/412 192/422/411 229/424/413
f 229/424/413 192/422/411 193/425/414
f 229/424/413 193/425/414 228/426/415
f 228/426/415 193/425/414 194/427/416
f 228/426/415 194/427/416 227/428/417
f 227/428/417 194/427/416 226/429/418
f 226/430/418 194/431/416 195/432/419
f 226/430/418 195/432/419 225/433/420
f 225/433/420 195/432/419 224/434/421
f 224/434/421 195/432/419 196/435/422
f 224/434/421 196/435/422 223/436/423
f 223/436/423 196/435/422 197/437/424
f 223/436/423 197/437/424 222/438/425
f 222/438/425 197/437/424 221/439/426
f 221/439/426 197/437/424 198/440/427
f 221/439/426 198/440/427 220/441/428
f 220/441/428 198/440/427 199/442/429
f 220/441/428 199/442/429 219/443/430
f 219/443/430 199/442/429 218/444/431
f 218/444/431 199/442/429 200/445/432
f 218/444/431 200/445/432 217/446/433
f 217/446/433 200/445/432 201/447/434
f 217/446/433 201/447/434 216/448/435
f 216/448/435 201/447/434 215/449/436
f 215/449/436 201/447/434 202/450/437
f 215/449/436 202/450/437 214/451/438
f 214/451/438 202/450/437 203/452/439
f 214/451/438 203/452/439 213/453/440
f 213/453/440 203/452/439 212/454/441
f 212/454/441 203/452/439 204/455/442
f 212/454/441 204/455/442 211/456/443
f 211/456/443 204/455/442 205/457/444
f 211/456/443 205/457/444 210/458/445
f 210/458/445 205/457/444 209/459/446
f 209/459/446 205/457/444 206/460/447
f 209/459/446 206/460/447 208/400/389
f 208/400/389 206/460/447 182/398/387
f 208/461/448 207/462/449 245/463/450
f 245/463/450 207/462/449 244/464/451
f 245/463/450 244/464/451 273/465/452
f 273/465/452 244/464/451 243/466/453
f 273/465/452 243/466/453 272/467/454
f 272/467/454 243/466/453 242/468/455
f 272/467/454 242/468/455 271/469/456
f 271/469/456 242/468/455 241/470/457
f 271/469/456 241/470/457 240/471/458
f 271/469/456 240/471/458 270/472/459
f 270/472/459 240/471/458 239/473/460
f 270/472/459 239/473/460 269/474/461
f 269/474/461 239/473/460 238/475/462
f 269/474/461 238/475/462 268/476/463
f 268/476/463 238/475/462 237/477/464
f 268/476/463 237/477/464 236/478/465
f 268/476/463 236/478/465 267/479/466
f 267/479/466 236/478/465 235/480/467
f 267/479/466 235/480/467 266/481/468
f 266/481/468 235/480/467 234/482/469
f 266/481/468 234/482/469 265/483/470
f 265/483/470 234/482/469 233/484/471
f 265/483/470 233/484/471 264/485/472
f 264/485/472 233/484/471 232/486/473
f 264/485/472 232/486/473 231/487/474
f 264/485/472 231/487/474 263/488/475
f 263/488/475 231/487/474 230/489/476
f 263/488/475 230/489/476 262/490/477
f 262/490/477 230/489/476 229/491/478
f 262/490/477 229/491/478 261/492/479
f 261/492/479 229/491/478 228/493/480
f 261/492/479 228/493/480 227/494/481
f 261/492/479 227/494/481 260/495/482
f 260/495/482 227/494/481 226/496/483
f 260/495/482 226/496/483 259/497/484
f 259/498/484 226/499/483 225/500/485
f 259/498/484 225/500/485 258/501/486
f 258/501/486 225/500/485 224/502/487
f 258/501/486 224/502/487 223/503/488
f 258/501/486 223/503/488 257/504/489
f 257/504/489 223/503/488 222/505/490
f 257/504/489 222/505/490 256/506/491
f 256/506/491 222/505/490 221/507/492
f 256/506/491 221/507/492 255/508/493
f 255/508/493 221/507/492 220/509/494
f 255/508/493 220/509/494 219/510/495
f 255/508/493 219/510/495 254/511/496
f 254/511/496 219/510/495 218/512/497
f 254/511/496 218/512/497 253/513/498
f 253/513/498 218/512/497 217/514/499
f 253/513/498 217/514/499 252/515/500
f 252/515/500 217/514/499 216/516/501
f 252/515/500 216/516/501 251/517/502
f 251/517/502 216/516/501 215/518/503
f 251/517/502 215/518/503 214/519/504
f 251/517/502 214/519/504 250/520/505
f 250/520/505 214/519/504 213/521/506
f 250/520/505 213/521/506 249/522/507
f 249/522/507 213/521/506 212/523/508
f 249/522/507 212/523/508 248/524/509
f 248/524/509 212/523/508 211/525/510
f 248/524/509 211/525/510 210/526/511
f 248/524/509 210/526/511 247/527/512
f 247/527/512 210/526/511 209/528/513
f 247/527/512 209/528/513 246/529/514
f 246/529/514 209/528/513 208/461/448
f 246/529/514 208/461/448 245/463/450
f 246/530/515 245/531/516 274/532/517
f 274/532/517 245/531/516 273/533/518
f 274/532/517 273/533/518 298/534/519
f 298/534/519 273/533/518 272/535/520
f 298/534/519 272/535/520 297/536/521
f 297/536/521 272/535/520 271/537/522
f 297/536/521 271/537/522 296/538/523
f 296/538/523 271/537/522 270/539/524
f 296/538/523 270/539/524 295/540/525
f 295/540/525 270/539/524 269/541/526
f 295/540/525 269/541/526 294/542/527
f 294/542/527 269/541/526 268/543/528
f 294/542/527 268/543/528 293/544/529
f 293/544/529 268/543/528 267/545/530
f 293/544/529 267/545/530 266/546/531
f 293/544/529 266/546/531 292/547/532
f 292/547/532 266/546/531 265/548/533
f 292/547/532 265/548/533 291/549/534
f 291/549/534 265/548/533 264/550/535
f 291/549/534 264/550/535 290/551/536
f 290/551/536 264/550/535 263/552/537
f 290/551/536 263/552/537 289/553/538
f 289/553/538 263/552/537 262/554/539
f 289/553/538 262/554/539 288/555/540
f 288/555/540 262/554/539 261/556/541
f 288/555/540 261/556/541 287/557/542
f 287/557/542 261/556/541 260/558/543
f 287/557/542 260/558/543 259/559/544
f 287/557/542 259/559/544 286/560/545
f 286/561/545 259/562/544 258/563/546
f 286/561/545 258/563/546 285/564/547
f 285/564/547 258/563/546 257/565/548
f 285/564/547 257/565/548 284/566/549
f 284/566/549 257/565/548 256/567/550
f 284/566/549 256/567/550 283/568/551
f 283/568/551 256/567/550 255/569/552
f 283/568/551 255/569/552 282/570/553
f 282/570/553 255/569/552 254/571/554
f 282/570/553 254/571/554 281/572/555
f 281/572/555 254/571/554 253/573/556
f 281/572/555 253/573/556 280/574/557
f 280/574/557 253/573/556 252/575/558
f 280/574/557 252/575/558 251/576/559
f 280/574/557 251/576/559 279/577/560
f 279/577/560 251/576/559 250/578/561
f 279/577/560 250/578/561 278/579/562
f 278/579/562 250/578/561 249/580/563
f 278/579/562 249/580/563 277/581/564
f 277/581/564 249/580/563 248/582/565
f 277/581/564 248/582/565 276/583/566
f 276/583/566 248/582/565 247/584/567
f 276/583/566 247/584/567 275/585/568
f 275/585/568 247/584/567 246/530/515
f 275/585/568 246/530/515 274/532/517
f 298/586/569 182/587/570 274/588/571
f 274/588/571 182/587/570 206/589/572
f 274/588/571 206/589/572 275/590/573
f 275/590/573 206/589/572 205/591/574
f 275/590/573 205/591/574 276/592/575
f 276/592/575 205/591/574 204/593/576
f 276/592/575 204/593/576 277/594/577
f 277/594/577 204/593/576 203/595/578
f 277/594/577 203/595/578 278/596/579
f 278/596/579 203/595/578 202/597/580
f 278/596/579 202/597/580 279/598/581
f 279/598/581 202/597/580 201/599/582
f 279/598/581 201/599/582 280/600/583
f 280/600/583 201/599/582 200/601/584
f 280/600/583 200/601/584 281/602/585
f 281/602/585 200/601/584 199/603/586
f 281/602/585 199/603/586 282/604/587
f 282/604/587 199/603/586 198/605/588
f 282/604/587 198/605/588 283/606/589
f 283/606/589 198/605/588 197/607/590
f 283/606/589 197/607/590 284/608/591
f 284/608/591 197/607/590 196/609/592
f 284/608/591 196/609/592 285/610/593
f 285/610/593 196/609/592 195/611/594
f 285/610/593 195/611/594 286/612/595
f 286/613/595 195/614/594 194/615/596
f 286/613/595 194/615/596 287/616/597
f 287/616/597 194/615/596 193/617/598
f 287/616/597 193/617/598 288/618/599
f 288/618/599 193/617/598 192/619/600
f 288/618/599 192/619/600 289/620/601
f 289/620/601 192/619/600 191/621/602
f 289/620/601 191/621/602 290/622/603
f 290/622/603 191/621/602 190/623/604
f 290/622/603 190/623/604 291/624/605
f 291/624/605 190/623/604 189/625/606
f 291/624/605 189/625/606 292/626/607
f 292/626/607 189/625/606 188/627/608
f 292/626/607 188/627/608 293/628/609
f 293/628/609 188/627/608 187/629/610
f 293/628/609 187/629/610 294/630/611
f 294/630/611 187/629/610 186/631/612
f 294/630/611 186/631/612 295/632/613
f 295/632/613 186/631/612 185/633/614
f 295/632/613 185/633/614 296/634/615
f 296/634/615 185/633/614 184/635/616
f 296/634/615 184/635/616 297/636/617
f 297/636/617 184/635/616 183/637/618
f 297/636/617 183/637/618 298/586/569
f 298/586/569 183/637/618 182/587/570
g Fin 1

v 15.300000 -1.245448 0.835977
v 13.835127 -1.245448 0.835977
v 13.835127 -1.356912 0.669918
v 15.300000 -1.356912 0.669918
v 15.847953 -0.569098 0.381993
v 15.847953 -0.680561 0.215933
v 13.999010 -0.860880 0.577845
v 13.999010 -0.972344 0.411785
vt -0.000000 0.000000 0.000000
vt 1.464873 0.000000 0.000000
vt -0.000000 0.200000 0.000000
vt 1.464873 0.200000 0.000000
vt 0.000000 0.000000 0.000000
vt 0.981735 0.000000 0.000000
vt 0.000000 0.200000 0.000000
vt 0.981735 0.200000 0.000000
vt 0.000000 0.000000 0.000000
vt 1.882043 0.000000 0.000000
vt 0.000000 0.200000 0.000000
vt 1.882043 0.200000 0.000000
vt 0.000000 0.000000 0.000000
vt 0.491307 0.000000 0.000000
vt 0.000000 0.200000 0.000000
vt 0.491307 0.200000 0.000000
vt -1.006413 0.407294 0.000000
vt -0.842530 -0.055875 0.000000
vt 0.458461 0.407294 0.000000
vt 1.006413 -0.407294 0.000000
vt 1.006413 0.407294 0.000000
vt -0.458461 0.407294 0.000000
vt 0.842530 -0.055875 0.000000
vt -1.006413 -0.407294 0.000000
vn -0.000000 -0.830299 0.557318
vn -0.000000 -0.830299 0.557318
vn -0.000000 -0.830299 0.557318
vn -0.000000 -0.830299 0.557318
vn 0.829742 -0.463429 0.311065
vn 0.829742 -0.463429 0.311065
vn 0.829742 -0.463429 0.311065
vn 0.829742 -0.463429 0.311065
vn -0.186722 0.815696 -0.547517
vn -0.186722 0.815696 -0.547517
vn -0.186722 0.815696 -0.547517
vn -0.186722 0.815696 -0.547517
vn -0.942727 0.276959 -0.185902
vn -0.942727 0.276959 -0.185902
vn -0.942727 0.276959 -0.185902
vn -0.942727 0.276959 -0.185902
vn 0.000000 -0.557318 -0.830299
vn 0.000000 -0.557318 -0.830299
vn 0.000000 -0.557318 -0.830299
vn 0.000000 -0.557318 -0.830299
vn -0.000000 0.557318 0.830299
vn -0.000000 0.557318 0.830299
vn -0.000000 0.557318 0.830299
vn -0.000000 0.557318 0.830299
f 299/638/619 300/639/620 302/640/621
f 302/640/621 300/639/620 301/641/622
f 303/642/623 299/643/624 304/644/625
f 304/644/625 299/643/624 302/645/626
f 305/646/627 303/647/628 306/648/629
f 306/648/629 303/647/628 304/649/630
f 300/650/631 305/651/632 301/652/633
f 301/652/633 305/651/632 306/653/634
f 301/654/635 306/655/636 302/656/637
f 302/656/637 306/655/636 304/657/638
f 300/658/639 299/659/640 305/660/641
f 305/660/641 299/659/640 303/661/642
g Fin 2

v 15.300000 -0.835977 -1.245448
v 13.835127 -0.835977 -1.245448
v 13.835127 -0.669918 -1.356912
v 15.300000 -0.669918 -1.356912
v 15.847953 -0.381993 -0.569098
v 15.847953 -0.215933 -0.680561
v 13.999010 -0.577845 -0.860880
v 13.999010 -0.411785 -0.972344
vt -0.000000 0.000000 0.000000
vt 1.464873 -0.000000 0.000000
vt 0.000000 0.200000 0.000000
vt 1.464873 0.200000 0.000000
vt 0.000000 0.000000 0.000000
vt 0.981735 0.000000 0.000000
vt -0.000000 0.200000 0.000000
vt 0.981735 0.200000 0.000000
vt 0.000000 0.000000 0.000000
vt 1.882043 -0.000000 0.000000
vt 0.000000 0.200000 0.000000
vt 1.882043 0.200000 0.000000
vt 0.000000 0.000000 0.000000
vt 0.491307 0.000000 0.000000
vt 0.000000 0.200000 0.000000
vt 0.491307 0.200000 0.000000
vt -1.006413 0.407294 0.000000
vt -0.842530 -0.055875 0.000000
vt 0.458461 0.407294 0.000000
vt 1.006413 -0.407294 0.000000
vt 1.006413 0.407294 0.000000
vt -0.458461 0.407294 0.000000
vt 0.842530 -0.055875 0.000000
vt -1.006413 -0.407294 0.000000
vn -0.000000 -0.557318 -0.830299
vn -0.000000 -0.557318 -0.830299
vn -0.000000 -0.557318 -0.830299
vn -0.000000 -0.557318 -0.830299
vn 0.829742 -0.311065 -0.463429
vn 0.829742 -0.311065 -0.463429
vn 0.829742 -0.311065 -0.463429
vn 0.829742 -0.311065 -0.463429
vn -0.186722 0.547517 0.815696
vn -0.186722 0.547517 0.815696
vn -0.186722 0.547517 0.815696
vn -0.186722 0.547517 0.815696
vn -0.942727 0.185902 0.276959
vn -0.942727 0.185902 0.276959
vn -0.942727 0.185902 0.276959
vn -0.942727 0.185902 0.276959
vn 0.000000 0.830299 -0.557318
vn 0.000000 0.830299 -0.557318
vn 0.000000 0.830299 -0.557318
vn 0.000000 0.830299 -0.557318
vn -0.000000 -0.830299 0.557318
vn -0.000000 -0.830299 0.557318
vn -0.000000 -0.830299 0.557318
vn -0.000000 -0.830299 0.557318
f 307/662/643 308/663/644 310/664/645
f 310/664/645 308/663/644 309/665/646
f 311/666/647 307/667/648 312/668/649
f 312/668/649 307/667/648 310/669/650
f 313/670/651 311/671/652 314/672/653
f 314/672/653 311/671/652 312/673/654
f 308/674/655 313/675/656 309/676/657
f 309/676/657 313/675/656 314/677/658
f 309/678/659 314/679/660 310/680/661
f 310/680/661 314/679/660 312/681/662
f 308/682/663 307/683/664 313/684/665
f 313/684/665 307/683/664 311/685/666
g Fin 3

v 15.300000 1.245448 -0.835977
v 13.835127 1.245448 -0.835977
v 13.835127 1.356912 -0.669918
v 15.300000 1.356912 -0.669918
v 15.847953 0.569098 -0.381993
v 15.847953 0.680561 -0.215933
v 13.999010 0.860880 -0.577845
v 13.999010 0.972344 -0.411785
vt 0.000000 0.000000 0.000000
vt 1.464873 -0.000000 0.000000
vt 0.000000 0.200000 0.000000
vt 1.464873 0.200000 0.000000
vt 0.000000 0.000000 0.000000
vt 0.981735 0.000000 0.000000
vt -0.000000 0.200000 0.000000
vt 0.981735 0.200000 0.000000
vt 0.000000 0.000000 0.000000
vt 1.882043 -0.000000 0.000000
vt 0.000000 0.200000 0.000000
vt 1.882043 0.200000 0.000000
vt 0.000000 0.000000 0.000000
vt 0.491307 0.000000 0.000000
vt 0.000000 0.200000 0.000000
vt 0.491307 0.200000 0.000000
vt -1.006413 0.407294 0.000000
vt -0.842530 -0.055875 0.000000
vt 0.458461 0.407294 0.000000
vt 1.006413 -0.407294 0.000000
vt 1.006413 0.407294 0.000000
vt -0.458461 0.407294 0.000000
vt 0.842530 -0.055875 0.000000
vt -1.006413 -0.407294 0.000000
vn -0.000000 0.830299 -0.557318
vn -0.000000 0.830299 -0.557318
vn -0.000000 0.830299 -0.557318
vn -0.000000 0.830299 -0.557318
vn 0.829742 0.463429 -0.311065
vn 0.829742 0.463429 -0.311065
vn 0.829742 0.463429 -0.311065
vn 0.829742 0.463429 -0.311065
vn -0.186722 -0.815696 0.547517
vn -0.186722 -0.815696 0.547517
vn -0.186722 -0.815696 0.547517
vn -0.186722 -0.815696 0.547517
vn -0.942727 -0.276959 0.185902
vn -0.942727 -0.276959 0.185902
vn -0.942727 -0.276959 0.185902
vn -0.942727 -0.276959 0.185902
vn 0.000000 0.557318 0.830299
vn 0.000000 0.557318 0.830299
vn 0.000000 0.557318 0.830299
vn 0.000000 0.557318 0.830299
vn 0.000000 -0.557318 -0.830299
vn 0.000000 -0.557318 -0.830299
vn 0.000000 -0.557318 -0.830299
vn 0.000000 -0.557318 -0.830299
f 315/686/667 316/687/668 318/688/669
f 318/688/669 316/687/668 317/689/670
f 319/690/671 315/691/672 320/692/673
f 320/692/673 315/691/672 318/693/674
f 321/694/675 319/695/676 322/696/677
f 322/696/677 319/695/676 320/697/678
f 316/698/679 321/699/680 317/700/681
f 317/700/681 321/699/680 322/701/682
f 317/702/683 322/703/684 318/704/685
f 318/704/685 322/703/684 320/705/686
f 316/706/687 315/707/688 321/708/689
f 321/708/689 315/707/688 319/709/690
g Fin 4

v 15.300000 0.835977 1.245448
v 13.835127 0.835977 1.245448
v 13.835127 0.669918 1.356912
v 15.300000 0.669918 1.356912
v 15.847953 0.381993 0.569098
v 15.847953 0.215933 0.680561
v 13.999010 0.577845 0.860880
v 13.999010 0.411785 0.972344
vt 0.000000 0.000000 0.000000
vt 1.464873 0.000000 0.000000
vt 0.000000 0.200000 0.000000
vt 1.464873 0.200000 0.000000
vt -0.000000 0.000000 0.000000
vt 0.981735 0.000000 0.000000
vt -0.000000 0.200000 0.000000
vt 0.981735 0.200000 0.000000
vt 0.000000 0.000000 0.000000
vt 1.882043 -0.000000 0.000000
vt 0.000000 0.200000 0.000000
vt 1.882043 0.200000 0.000000
vt 0.000000 0.000000 0.000000
vt 0.491307 -0.000000 0.000000
vt 0.000000 0.200000 0.000000
vt 0.491307 0.200000 0.000000
vt -1.006413 0.407294 0.000000
vt -0.842530 -0.055875 0.000000
vt 0.458461 0.407294 0.000000
vt 1.006413 -0.407294 0.000000
vt 1.006413 0.407294 0.000000
vt -0.458461 0.407294 0.000000
vt 0.842530 -0.055875 0.000000
vt -1.006413 -0.407294 0.000000
vn -0.000000 0.557318 0.830299
vn -0.000000 0.557318 0.830299
vn -0.000000 0.557318 0.830299
vn -0.000000 0.557318 0.830299
vn 0.829742 0.311065 0.463429
vn 0.829742 0.311065 0.463429
vn 0.829742 0.311065 0.463429
vn 0.829742 0.311065 0.463429
vn -0.186722 -0.547517 -0.815696
vn -0.186722 -0.547517 -0.815696
vn -0.186722 -0.547517 -0.815696
vn -0.186722 -0.547517 -0.815696
vn -0.942727 -0.185902 -0.276959
vn -0.942727 -0.185902 -0.276959
vn -0.942727 -0.185902 -0.276959
vn -0.942727 -0.185902 -0.276959
vn 0.000000 -0.830299 0.557318
vn 0.000000 -0.830299 0.557318
vn 0.000000 -0.830299 0.557318
vn 0.000000 -0.830299 0.557318
vn 0.000000 0.830299 -0.557318
vn 0.000000 0.830299 -0.557318
vn 0.000000 0.830299 -0.557318
vn 0.000000 0.830299 -0.557318
f 323/710/691 324/711/692 326/712/693
f 326/712/693 324/711/692 325/713/694
f 327/714/695 323/715/696 328/716/697
f 328/716/697 323/715/696 326/717/698
f 329/718/699 327/719/700 330/720/701
f 330/720/701 327/719/700 328/721/702
f 324/722/703 329/723/704 325/724/705
f 325/724/705 329/723/704 330/725/706
f 325/726/707 330/727/708 326/728/709
f 326/728/709 330/727/708 328/729/710
f 324/730/711 323/731/712 329/732/713
f 329/732/713 323/731/712 327/733/714
g Body1

v 16.010000 0.000000 -0.700000
v 16.010000 -0.115216 -0.690453
v 16.010000 -0.227290 -0.662072
v 16.010000 -0.333163 -0.615632
v 16.010000 -0.429949 -0.552398
v 16.010000 -0.515007 -0.474097
v 16.010000 -0.586017 -0.382864
v 16.010000 -0.641041 -0.281187
v 16.010000 -0.678580 -0.171840
v 16.010000 -0.697609 -0.057806
v 16.010000 -0.697609 0.057806
v 16.010000 -0.678580 0.171840
v 16.010000 -0.641041 0.281187
v 16.010000 -0.586017 0.382864
v 16.010000 -0.515007 0.474097
v 16.010000 -0.429949 0.552398
v 16.010000 -0.333163 0.615632
v 16.010000 -0.227290 0.662072
v 16.010000 -0.115216 0.690453
v 16.010000 0.000000 0.700000
v 16.010000 0.115216 0.690453
v 16.010000 0.227290 0.662072
v 16.010000 0.333163 0.615632
v 16.010000 0.429949 0.552398
v 16.010000 0.515007 0.474097
v 16.010000 0.586017 0.382864
v 16.010000 0.641041 0.281187
v 16.010000 0.678580 0.171840
v 16.010000 0.697609 0.057806
v 16.010000 0.697609 -0.057806
v 16.010000 0.678580 -0.171840
v 16.010000 0.641041 -0.281187
v 16.010000 0.586017 -0.382864
v 16.010000 0.515007 -0.474097
v 16.010000 0.429949 -0.552398
v 16.010000 0.333163 -0.615632
v 16.010000 0.227290 -0.662072
v 16.010000 0.115216 -0.690453
v 17.500000 0.000000 0.000000
vt 0.009547 -0.115216 0.000000
vt 1.390453 -0.115216 0.000000
vt 0.000000 0.000000 0.000000
vt 1.400000 0.000000 0.000000
vt 0.009547 0.115216 0.000000
vt 1.390453 0.115216 0.000000
vt 0.037928 0.227290 0.000000
vt 1.362072 0.227290 0.000000
vt 0.084368 0.333163 0.000000
vt 1.315632 0.333163 0.000000
vt 0.147602 0.429949 0.000000
vt 1.252398 0.429949 0.000000
vt 0.225903 0.515007 0.000000
vt 1.174097 0.515007 0.000000
vt 0.317136 0.586017 0.000000
vt 1.082864 0.586017 0.000000
vt 0.418813 0.641041 0.000000
vt 0.981187 0.641041 0.000000
vt 0.528160 0.678580 0.000000
vt 0.871840 0.678580 0.000000
vt 0.642194 0.697609 0.000000
vt 0.757806 0.697609 0.000000
vt 1.362072 -0.227290 0.000000
vt 0.037928 -0.227290 0.000000
vt 1.315632 -0.333163 0.000000
vt 0.084368 -0.333163 0.000000
vt 1.252398 -0.429949 0.000000
vt 0.147602 -0.429949 0.000000
vt 1.174097 -0.515007 0.000000
vt 0.225903 -0.515007 0.000000
vt 1.082864 -0.586017 0.000000
vt 0.317136 -0.586017 0.000000
vt 0.981187 -0.641041 0.000000
vt 0.418813 -0.641041 0.000000
vt 0.871840 -0.678580 0.000000
vt 0.528160 -0.678580 0.000000
vt 0.757806 -0.697609 0.000000
vt 0.642194 -0.697609 0.000000
vt -0.000000 0.057871 0.000000
vt -1.646239 0.057871 0.000000
vt -0.000000 0.000000 0.000000
vt -0.000000 0.173614 0.000000
vt -1.646239 0.173614 0.000000
vt -0.000000 0.115743 0.000000
vt -0.000000 0.289357 0.000000
vt -1.646239 0.289357 0.000000
vt -0.000000 0.231486 0.000000
vt -0.000000 0.405100 0.000000
vt -1.646239 0.405100 0.000000
vt -0.000000 0.347229 0.000000
vt -0.000000 0.520843 0.000000
vt -1.646239 0.520843 0.000000
vt -0.000000 0.462972 0.000000
vt -0.000000 0.636586 0.000000
vt -1.646239 0.636586 0.000000
vt -0.000000 0.578714 0.000000
vt -0.000000 0.752329 0.000000
vt -1.646239 0.752329 0.000000
vt -0.000000 0.694457 0.000000
vt -0.000000 0.868072 0.000000
vt -1.646239 0.868072 0.000000
vt -0.000000 0.810200 0.000000
vt 0.000000 0.983815 0.000000
vt -1.646239 0.983815 0.000000
vt -0.000000 0.925943 0.000000
vt -0.000000 1.099557 0.000000
vt -1.646239 1.099557 0.000000
vt -0.000000 1.041686 0.000000
vt -0.000000 -0.983815 0.000000
vt -1.646239 -0.983815 0.000000
vt 0.000000 -1.041686 0.000000
vt -0.000000 -0.868072 0.000000
vt -1.646239 -0.868072 0.000000
vt -0.000000 -0.925943 0.000000
vt -0.000000 -0.752329 0.000000
vt -1.646239 -0.752329 0.000000
vt -0.000000 -0.810200 0.000000
vt -0.000000 -0.636586 0.000000
vt -1.646239 -0.636586 0.000000
vt 0.000000 -0.694457 0.000000
vt -0.000000 -0.520843 0.000000
vt -1.646239 -0.520843 0.000000
vt -0.000000 -0.578714 0.000000
vt -0.000000 -0.405100 0.000000
vt -1.646239 -0.405100 0.000000
vt -0.000000 -0.462972 0.000000
vt -0.000000 -0.347229 0.000000
vt -1.646239 -0.347229 0.000000
vt -0.000000 -0.231486 0.000000
vt -1.646239 -0.231486 0.000000
vt -0.000000 -0.289357 0.000000
vt 0.000000 -0.115743 0.000000
vt -1.646239 -0.115743 0.000000
vt -0.000000 -0.173614 0.000000
vt -1.646239 0.000000 0.000000
vt -0.000000 -0.057871 0.000000
vt -1.646239 -1.041686 0.000000
vt -0.000000 -1.099557 0.000000
vt -1.646239 1.041686 0.000000
vt -1.646239 0.925943 0.000000
vt -1.646239 0.810200 0.000000
vt -1.646239 0.694457 0.000000
vt -1.646239 0.578714 0.000000
vt -1.646239 0.462972 0.000000
vt -1.646239 0.347229 0.000000
vt -1.646239 0.231486 0.000000
vt -1.646239 0.115743 0.000000
vt -1.646239 -0.057871 0.000000
vt -1.646239 -0.173614 0.000000
vt -1.646239 -0.289357 0.000000
vt -1.646239 -0.462972 0.000000
vt -1.646239 -0.578714 0.000000
vt -1.646239 -0.694457 0.000000
vt -1.646239 -0.810200 0.000000
vt -1.646239 -0.925943 0.000000
vn -1.000000 -0.000000 -0.000000
vn -1.000000 -0.000000 -0.000000
vn -1.000000 -0.000000 -0.000000
vn -1.000000 -0.000000 -0.000000
vn -1.000000 -0.000000 -0.000000
vn -1.000000 -0.000000 -0.000000
vn -1.000000 -0.000000 -0.000000
vn -1.000000 -0.000000 -0.000000
vn -1.000000 -0.000000 -0.000000
vn -1.000000 -0.000000 -0.000000
vn -1.000000 -0.000000 -0.000000
vn -1.000000 -0.000000 -0.000000
vn -1.000000 -0.000000 -0.000000
vn -1.000000 -0.000000 -0.000000
vn -1.000000 -0.000000 -0.000000
vn -1.000000 -0.000000 -0.000000
vn -1.000000 -0.000000 -0.000000
vn -1.000000 -0.000000 -0.000000
vn -1.000000 -0.000000 -0.000000
vn -1.000000 -0.000000 -0.000000
vn -1.000000 -0.000000 -0.000000
vn -1.000000 -0.000000 -0.000000
vn -1.000000 -0.000000 -0.000000
vn -1.000000 -0.000000 -0.000000
vn -1.000000 -0.000000 -0.000000
vn -1.000000 -0.000000 -0.000000
vn -1.000000 -0.000000 -0.000000
vn -1.000000 -0.000000 -0.000000
vn -1.000000 -0.000000 -0.000000
vn -1.000000 -0.000000 -0.000000
vn -1.000000 -0.000000 -0.000000
vn -1.000000 -0.000000 -0.000000
vn -1.000000 -0.000000 -0.000000
vn -1.000000 -0.000000 -0.000000
vn -1.000000 -0.000000 -0.000000
vn -1.000000 -0.000000 -0.000000
vn -1.000000 -0.000000 -0.000000
vn -1.000000 -0.000000 -0.000000
vn 0.425212 0.148974 -0.892750
vn 0.425212 0.148974 -0.892750
vn 0.425212 0.000000 -0.905094
vn 0.425212 0.430777 -0.796006
vn 0.425212 0.430777 -0.796006
vn 0.425212 0.293884 -0.856053
vn 0.425212 0.665899 -0.613003
vn 0.425212 0.665899 -0.613003
vn 0.425212 0.555920 -0.714246
vn 0.425212 0.828861 -0.363572
vn 0.425212 0.828861 -0.363572
vn 0.425212 0.757714 -0.495039
vn 0.425212 0.902003 -0.074742
vn 0.425212 0.902003 -0.074742
vn 0.425212 0.877398 -0.222187
vn 0.425212 0.877398 0.222187
vn 0.425212 0.877398 0.222187
vn 0.425212 0.902003 0.074742
vn 0.425212 0.757714 0.495039
vn 0.425212 0.757714 0.495039
vn 0.425212 0.828861 0.363572
vn 0.425212 0.555920 0.714246
vn 0.425212 0.555920 0.714246
vn 0.425212 0.665899 0.613003
vn 0.425212 0.293884 0.856053
vn 0.425212 0.293884 0.856053
vn 0.425212 0.430777 0.796006
vn 0.425212 0.000000 0.905094
vn 0.425212 0.000000 0.905094
vn 0.425212 0.148974 0.892750
vn 0.425212 -0.293884 0.856053
vn 0.425212 -0.293884 0.856053
vn 0.425212 -0.148974 0.892750
vn 0.425212 -0.555920 0.714246
vn 0.425212 -0.555920 0.714246
vn 0.425212 -0.430777 0.796006
vn 0.425212 -0.757714 0.495039
vn 0.425212 -0.757714 0.495039
vn 0.425212 -0.665899 0.613003
vn 0.425212 -0.877398 0.222187
vn 0.425212 -0.877398 0.222187
vn 0.425212 -0.828861 0.363572
vn 0.425212 -0.902003 -0.074742
vn 0.425212 -0.902003 -0.074742
vn 0.425212 -0.902003 0.074742
vn 0.425212 -0.828861 -0.363572
vn 0.425212 -0.828861 -0.363572
vn 0.425212 -0.877398 -0.222187
vn 0.425212 -0.757714 -0.495039
vn 0.425212 -0.757714 -0.495039
vn 0.425212 -0.555920 -0.714246
vn 0.425212 -0.555920 -0.714246
vn 0.425212 -0.665899 -0.613003
vn 0.425212 -0.293884 -0.856053
vn 0.425212 -0.293884 -0.856053
vn 0.425212 -0.430777 -0.796006
vn 0.425212 0.000000 -0.905094
vn 0.425212 -0.148974 -0.892750
vn 0.425212 -0.148974 0.892750
vn 0.425212 0.148974 0.892750
vn 0.425212 0.430777 0.796006
vn 0.425212 0.665899 0.613003
vn 0.425212 0.828861 0.363572
vn 0.425212 0.902003 0.074742
vn 0.425212 0.877398 -0.222187
vn 0.425212 0.757714 -0.495039
vn 0.425212 0.555920 -0.714246
vn 0.425212 0.293884 -0.856053
vn 0.425212 -0.148974 -0.892750
vn 0.425212 -0.430777 -0.796006
vn 0.425212 -0.665899 -0.613003
vn 0.425212 -0.877398 -0.222187
vn 0.425212 -0.902003 0.074742
vn 0.425212 -0.828861 0.363572
vn 0.425212 -0.665899 0.613003
vn 0.425212 -0.430777 0.796006
usemtl Wax_(White)
f 332/734/715 349/735/716 331/736/717
f 331/736/717 349/735/716 350/737/718
f 331/736/717 350/737/718 368/738/719
f 368/738/719 350/737/718 351/739/720
f 368/738/719 351/739/720 367/740/721
f 367/740/721 351/739/720 352/741/722
f 367/740/721 352/741/722 366/742/723
f 366/742/723 352/741/722 353/743/724
f 366/742/723 353/743/724 365/744/725
f 365/744/725 353/743/724 354/745/726
f 365/744/725 354/745/726 364/746/727
f 364/746/727 354/745/726 355/747/728
f 364/746/727 355/747/728 363/748/729
f 363/748/729 355/747/728 356/749/730
f 363/748/729 356/749/730 362/750/731
f 362/750/731 356/749/730 357/751/732
f 362/750/731 357/751/732 361/752/733
f 361/752/733 357/751/732 358/753/734
f 361/752/733 358/753/734 360/754/735
f 360/754/735 358/753/734 359/755/736
f 349/735/716 332/734/715 348/756/737
f 348/756/737 332/734/715 333/757/738
f 348/756/737 333/757/738 347/758/739
f 347/758/739 333/757/738 334/759/740
f 347/758/739 334/759/740 346/760/741
f 346/760/741 334/759/740 335/761/742
f 346/760/741 335/761/742 345/762/743
f 345/762/743 335/761/742 336/763/744
f 345/762/743 336/763/744 344/764/745
f 344/764/745 336/763/744 337/765/746
f 344/764/745 337/765/746 343/766/747
f 343/766/747 337/765/746 338/767/748
f 343/766/747 338/767/748 342/768/749
f 342/768/749 338/767/748 339/769/750
f 342/768/749 339/769/750 341/770/751
f 341/770/751 339/769/750 340/771/752
f 368/772/753 369/773/754 331/774/755
f 366/775/756 369/776/757 367/777/758
f 364/778/759 369/779/760 365/780/761
f 362/781/762 369/782/763 363/783/764
f 360/784/765 369/785/766 361/786/767
f 358/787/768 369/788/769 359/789/770
f 356/790/771 369/791/772 357/792/773
f 354/793/774 369/794/775 355/795/776
f 352/796/777 369/797/778 353/798/779
f 350/799/780 369/800/781 351/801/782
f 348/802/783 369/803/784 349/804/785
f 346/805/786 369/806/787 347/807/788
f 344/808/789 369/809/790 345/810/791
f 342/811/792 369/812/793 343/813/794
f 340/814/795 369/815/796 341/816/797
f 338/817/798 369/818/799 339/819/800
f 337/820/801 369/821/802 338/817/798
f 335/822/803 369/823/804 336/824/805
f 333/825/806 369/826/807 334/827/808
f 331/774/755 369/828/809 332/829/810
f 349/804/785 369/830/811 350/831/780
f 351/801/782 369/832/812 352/796/777
f 353/798/779 369/833/813 354/793/774
f 355/795/776 369/834/814 356/790/771
f 357/792/773 369/835/815 358/787/768
f 359/789/770 369/836/816 360/784/765
f 361/786/767 369/837/817 362/781/762
f 363/783/764 369/838/818 364/778/759
f 365/780/761 369/839/819 366/775/756
f 367/777/758 369/840/820 368/772/753
f 332/829/810 369/841/821 333/825/806
f 334/827/808 369/842/822 335/822/803
f 336/824/805 369/843/823 337/820/801
f 339/819/800 369/844/824 340/814/795
f 341/816/797 369/845/825 342/811/792
f 343/813/794 369/846/826 344/808/789
f 345/810/791 369/847/827 346/805/786
f 347/807/788 369/848/828 348/802/783
g MAIN_BODY

v 12.000000 0.000000 1.048322
v 12.000000 -0.271326 1.012601
v 12.000000 -0.524161 0.907873
v 12.000000 -0.741276 0.741276
v 12.000000 -0.907873 0.524161
v 12.000000 -1.012601 0.271326
v 12.000000 -1.048322 -0.000000
v 12.000000 -1.012601 -0.271326
v 12.000000 -0.907873 -0.524161
v 12.000000 -0.741276 -0.741276
v 12.000000 -0.524161 -0.907873
v 12.000000 -0.271326 -1.012601
v 12.000000 0.000000 -1.048322
v 12.000000 0.271326 -1.012601
v 12.000000 0.524161 -0.907873
v 12.000000 0.741276 -0.741276
v 12.000000 0.907873 -0.524161
v 12.000000 1.012601 -0.271326
v 12.000000 1.048322 -0.000000
v 12.000000 1.012601 0.271326
v 12.000000 0.907873 0.524161
v 12.000000 0.741276 0.741276
v 12.000000 0.524161 0.907873
v 12.000000 0.271326 1.012601
v 9.981400 0.000000 1.351112
v 9.981400 0.349693 1.305074
v 9.981400 0.675556 1.170097
v 9.981400 0.955380 0.955380
v 9.981400 1.170097 0.675556
v 9.981400 1.305074 0.349693
v 9.981400 1.351112 -0.000000
v 9.981400 1.305074 -0.349693
v 9.981400 1.170097 -0.675556
v 9.981400 0.955380 -0.955380
v 9.981400 0.675556 -1.170097
v 9.981400 0.349693 -1.305074
v 9.981400 0.000000 -1.351112
v 9.981400 -0.349693 -1.305074
v 9.981400 -0.675556 -1.170097
v 9.981400 -0.955380 -0.955380
v 9.981400 -1.170097 -0.675556
v 9.981400 -1.305074 -0.349693
v 9.981400 -1.351112 -0.000000
v 9.981400 -1.305074 0.349693
v 9.981400 -1.170097 0.675556
v 9.981400 -0.955380 0.955380
v 9.981400 -0.675556 1.170097
v 9.981400 -0.349693 1.305074
v 7.992519 0.000000 1.550000
v 7.992519 0.385469 1.501304
v 7.992519 0.746718 1.358275
v 7.992519 1.061048 1.129901
v 7.992519 1.308708 0.830532
v 7.992519 1.474138 0.478976
v 7.992519 1.546941 0.097325
v 7.992519 1.522545 -0.290441
v 7.992519 1.402482 -0.659958
v 7.992519 1.194296 -0.988007
v 7.992519 0.911067 -1.253976
v 7.992519 0.570593 -1.441154
v 7.992519 0.194267 -1.537778
v 7.992519 -0.194267 -1.537778
v 7.992519 -0.570593 -1.441154
v 7.992519 -0.911067 -1.253976
v 7.992519 -1.194296 -0.988007
v 7.992519 -1.402482 -0.659958
v 7.992519 -1.522545 -0.290441
v 7.992519 -1.546941 0.097325
v 7.992519 -1.474138 0.478976
v 7.992519 -1.308708 0.830532
v 7.992519 -1.061048 1.129901
v 7.992519 -0.746718 1.358275
v 7.992519 -0.385469 1.501304
v 4.009956 0.000000 1.550000
v 4.009956 0.385469 1.501304
v 4.009956 0.746718 1.358275
v 4.009956 1.061048 1.129901
v 4.009956 1.308708 0.830532
v 4.009956 1.474138 0.478976
v 4.009956 1.546941 0.097325
v 4.009956 1.522545 -0.290441
v 4.009956 1.402482 -0.659958
v 4.009956 1.194296 -0.988007
v 4.009956 0.911067 -1.253976
v 4.009956 0.570593 -1.441154
v 4.009956 0.194267 -1.537778
v 4.009956 -0.194267 -1.537778
v 4.009956 -0.570593 -1.441154
v 4.009956 -0.911067 -1.253976
v 4.009956 -1.194296 -0.988007
v 4.009956 -1.402482 -0.659958
v 4.009956 -1.522545 -0.290441
v 4.009956 -1.546941 0.097325
v 4.009956 -1.474138 0.478976
v 4.009956 -1.308708 0.830532
v 4.009956 -1.061048 1.129901
v 4.009956 -0.746718 1.358275
v 4.009956 -0.385469 1.501304
v 0.150000 0.000000 1.150000
v 0.150000 -0.297642 1.110815
v 0.150000 -0.575000 0.995929
v 0.150000 -0.813173 0.813173
v 0.150000 -0.995929 0.575000
v 0.150000 -1.110815 0.297642
v 0.150000 -1.150000 -0.000000
v 0.150000 -1.110815 -0.297642
v 0.150000 -0.995929 -0.575000
v 0.150000 -0.813173 -0.813173
v 0.150000 -0.575000 -0.995929
v 0.150000 -0.297642 -1.110815
v 0.150000 0.000000 -1.150000
v 0.150000 0.297642 -1.110815
v 0.150000 0.575000 -0.995929
v 0.150000 0.813173 -0.813173
v 0.150000 0.995929 -0.575000
v 0.150000 1.110815 -0.297642
v 0.150000 1.150000 -0.000000
v 0.150000 1.110815 0.297642
v 0.150000 0.995929 0.575000
v 0.150000 0.813173 0.813173
v 0.150000 0.575000 0.995929
v 0.150000 0.297642 1.110815
v 0.998009 0.000000 -1.150000
v 0.998009 0.297642 -1.110815
v 0.998009 0.575000 -0.995929
v 0.998009 0.813173 -0.813173
v 0.998009 0.995929 -0.575000
v 0.998009 1.110815 -0.297642
v 0.998009 1.150000 -0.000000
v 0.998009 1.110815 0.297642
v 0.998009 0.995929 0.575000
v 0.998009 0.813173 0.813173
v 0.998009 0.575000 0.995929
v 0.998009 0.297642 1.110815
v 0.998009 0.000000 1.150000
v 0.998009 -0.297642 1.110815
v 0.998009 -0.575000 0.995929
v 0.998009 -0.813173 0.813173
v 0.998009 -0.995929 0.575000
v 0.998009 -1.110815 0.297642
v 0.998009 -1.150000 0.000000
v 0.998009 -1.110815 -0.297642
v 0.998009 -0.995929 -0.575000
v 0.998009 -0.813173 -0.813173
v 0.998009 -0.575000 -0.995929
v 0.998009 -0.297642 -1.110815
v 1.021798 0.000000 -1.151579
v 1.021798 0.298051 -1.112340
v 1.021798 0.575789 -0.997297
v 1.021798 0.814289 -0.814289
v 1.021798 0.997297 -0.575789
v 1.021798 1.112340 -0.298051
v 1.021798 1.151579 -0.000000
v 1.021798 1.112340 0.298051
v 1.021798 0.997297 0.575789
v 1.021798 0.814289 0.814289
v 1.021798 0.575789 0.997297
v 1.021798 0.298051 1.112340
v 1.021798 0.000000 1.151579
v 1.021798 -0.298051 1.112340
v 1.021798 -0.575789 0.997297
v 1.021798 -0.814289 0.814289
v 1.021798 -0.997297 0.575789
v 1.021798 -1.112340 0.298051
v 1.021798 -1.151579 0.000000
v 1.021798 -1.112340 -0.298051
v 1.021798 -0.997297 -0.575789
v 1.021798 -0.814289 -0.814289
v 1.021798 -0.575789 -0.997297
v 1.021798 -0.298051 -1.112340
v 12.000000 0.000000 -1.200000
v 12.000000 0.310583 -1.159111
v 12.000000 0.600000 -1.039230
v 12.000000 0.848528 -0.848528
v 12.000000 1.039230 -0.600000
v 12.000000 1.159111 -0.310583
v 12.000000 1.200000 -0.000000
v 12.000000 1.159111 0.310583
v 12.000000 1.039230 0.600000
v 12.000000 0.848528 0.848528
v 12.000000 0.600000 1.039230
v 12.000000 0.310583 1.159111
v 12.000000 0.000000 1.200000
v 12.000000 -0.310583 1.159111
v 12.000000 -0.600000 1.039230
v 12.000000 -0.848528 0.848528
v 12.000000 -1.039230 0.600000
v 12.000000 -1.159111 0.310583
v 12.000000 -1.200000 0.000000
v 12.000000 -1.159111 -0.310583
v 12.000000 -1.039230 -0.600000
v 12.000000 -0.848528 -0.848528
v 12.000000 -0.600000 -1.039230
v 12.000000 -0.310583 -1.159111
v 0.000000 0.000000 -1.300000
v 0.000000 -0.336465 -1.255704
v 0.000000 -0.650000 -1.125833
v 0.000000 -0.919239 -0.919239
v 0.000000 -1.125833 -0.650000
v 0.000000 -1.255704 -0.336465
v 0.000000 -1.300000 0.000000
v 0.000000 -1.255704 0.336465
v 0.000000 -1.125833 0.650000
v 0.000000 -0.919239 0.919239
v 0.000000 -0.650000 1.125833
v 0.000000 -0.336465 1.255704
v 0.000000 0.000000 1.300000
v 0.000000 0.336465 1.255704
v 0.000000 0.650000 1.125833
v 0.000000 0.919239 0.919239
v 0.000000 1.125833 0.650000
v 0.000000 1.255704 0.336465
v 0.000000 1.300000 -0.000000
v 0.000000 1.255704 -0.336465
v 0.000000 1.125833 -0.650000
v 0.000000 0.919239 -0.919239
v 0.000000 0.650000 -1.125833
v 0.000000 0.336465 -1.255704
v 0.998009 0.000000 -1.300000
v 0.998009 -0.336465 -1.255704
v 0.998009 -0.650000 -1.125833
v 0.998009 -0.919239 -0.919239
v 0.998009 -1.125833 -0.650000
v 0.998009 -1.255704 -0.336465
v 0.998009 -1.300000 0.000000
v 0.998009 -1.255704 0.336465
v 0.998009 -1.125833 0.650000
v 0.998009 -0.919239 0.919239
v 0.998009 -0.650000 1.125833
v 0.998009 -0.336465 1.255704
v 0.998009 0.000000 1.300000
v 0.998009 0.336465 1.255704
v 0.998009 0.650000 1.125833
v 0.998009 0.919239 0.919239
v 0.998009 1.125833 0.650000
v 0.998009 1.255704 0.336465
v 0.998009 1.300000 -0.000000
v 0.998009 1.255704 -0.336465
v 0.998009 1.125833 -0.650000
v 0.998009 0.919239 -0.919239
v 0.998009 0.650000 -1.125833
v 0.998009 0.336465 -1.255704
v 1.001974 0.000000 -1.300263
v 1.001974 -0.336533 -1.255958
v 1.001974 -0.650132 -1.126061
v 1.001974 -0.919425 -0.919425
v 1.001974 -1.126061 -0.650132
v 1.001974 -1.255958 -0.336533
v 1.001974 -1.300263 0.000000
v 1.001974 -1.255958 0.336533
v 1.001974 -1.126061 0.650132
v 1.001974 -0.919425 0.919425
v 1.001974 -0.650132 1.126061
v 1.001974 -0.336533 1.255958
v 1.001974 0.000000 1.300263
v 1.001974 0.336533 1.255958
v 1.001974 0.650132 1.126061
v 1.001974 0.919425 0.919425
v 1.001974 1.126061 0.650132
v 1.001974 1.255958 0.336533
v 1.001974 1.300263 -0.000000
v 1.001974 1.255958 -0.336533
v 1.001974 1.126061 -0.650132
v 1.001974 0.919425 -0.919425
v 1.001974 0.650132 -1.126061
v 1.001974 0.336533 -1.255958
v 3.998026 0.000000 -1.699737
v 3.998026 -0.406774 -1.650346
v 3.998026 -0.789907 -1.505042
v 3.998026 -1.127134 -1.272271
v 3.998026 -1.398856 -0.965561
v 3.998026 -1.589282 -0.602735
v 3.998026 -1.687344 -0.204881
v 3.998026 -1.687344 0.204881
v 3.998026 -1.589282 0.602735
v 3.998026 -1.398856 0.965561
v 3.998026 -1.127134 1.272271
v 3.998026 -0.789907 1.505042
v 3.998026 -0.406774 1.650346
v 3.998026 0.000000 1.699737
v 3.998026 0.406774 1.650346
v 3.998026 0.789907 1.505042
v 3.998026 1.127134 1.272271
v 3.998026 1.398856 0.965561
v 3.998026 1.589282 0.602735
v 3.998026 1.687344 0.204881
v 3.998026 1.687344 -0.204881
v 3.998026 1.589282 -0.602735
v 3.998026 1.398856 -0.965561
v 3.998026 1.127134 -1.272271
v 3.998026 0.789907 -1.505042
v 3.998026 0.406774 -1.650346
v 4.001991 0.000000 -1.700000
v 4.001991 -0.406837 -1.650601
v 4.001991 -0.790029 -1.505275
v 4.001991 -1.127309 -1.272468
v 4.001991 -1.399073 -0.965710
v 4.001991 -1.589528 -0.602828
v 4.001991 -1.687605 -0.204912
v 4.001991 -1.687605 0.204912
v 4.001991 -1.589528 0.602828
v 4.001991 -1.399073 0.965710
v 4.001991 -1.127309 1.272468
v 4.001991 -0.790029 1.505275
v 4.001991 -0.406837 1.650601
v 4.001991 0.000000 1.700000
v 4.001991 0.406837 1.650601
v 4.001991 0.790029 1.505275
v 4.001991 1.127309 1.272468
v 4.001991 1.399073 0.965710
v 4.001991 1.589528 0.602828
v 4.001991 1.687605 0.204912
v 4.001991 1.687605 -0.204912
v 4.001991 1.589528 -0.602828
v 4.001991 1.399073 -0.965710
v 4.001991 1.127309 -1.272468
v 4.001991 0.790029 -1.505275
v 4.001991 0.406837 -1.650601
v 7.998504 0.000000 -1.700000
v 7.998504 -0.406837 -1.650601
v 7.998504 -0.790029 -1.505275
v 7.998504 -1.127309 -1.272468
v 7.998504 -1.399073 -0.965710
v 7.998504 -1.589528 -0.602828
v 7.998504 -1.687605 -0.204912
v 7.998504 -1.687605 0.204912
v 7.998504 -1.589528 0.602828
v 7.998504 -1.399073 0.965710
v 7.998504 -1.127309 1.272468
v 7.998504 -0.790029 1.505275
v 7.998504 -0.406837 1.650601
v 7.998504 0.000000 1.700000
v 7.998504 0.406837 1.650601
v 7.998504 0.790029 1.505275
v 7.998504 1.127309 1.272468
v 7.998504 1.399073 0.965710
v 7.998504 1.589528 0.602828
v 7.998504 1.687605 0.204912
v 7.998504 1.687605 -0.204912
v 7.998504 1.589528 -0.602828
v 7.998504 1.399073 -0.965710
v 7.998504 1.127309 -1.272468
v 7.998504 0.790029 -1.505275
v 7.998504 0.406837 -1.650601
v 8.001489 0.000000 -1.699851
v 8.001489 -0.406801 -1.650457
v 8.001489 -0.789960 -1.505143
v 8.001489 -1.127210 -1.272357
v 8.001489 -1.398950 -0.965625
v 8.001489 -1.589388 -0.602776
v 8.001489 -1.687457 -0.204894
v 8.001489 -1.687457 0.204894
v 8.001489 -1.589388 0.602776
v 8.001489 -1.398950 0.965625
v 8.001489 -1.127210 1.272357
v 8.001489 -0.789960 1.505143
v 8.001489 -0.406801 1.650457
v 8.001489 0.000000 1.699851
v 8.001489 0.406801 1.650457
v 8.001489 0.789960 1.505143
v 8.001489 1.127210 1.272357
v 8.001489 1.398950 0.965625
v 8.001489 1.589388 0.602776
v 8.001489 1.687457 0.204894
v 8.001489 1.687457 -0.204894
v 8.001489 1.589388 -0.602776
v 8.001489 1.398950 -0.965625
v 8.001489 1.127210 -1.272357
v 8.001489 0.789960 -1.505143
v 8.001489 0.406801 -1.650457
v 9.999265 0.000000 -1.500073
v 9.999265 -0.388248 -1.448960
v 9.999265 -0.750037 -1.299102
v 9.999265 -1.060712 -1.060712
v 9.999265 -1.299102 -0.750037
v 9.999265 -1.448960 -0.388248
v 9.999265 -1.500073 0.000000
v 9.999265 -1.448960 0.388248
v 9.999265 -1.299102 0.750037
v 9.999265 -1.060712 1.060712
v 9.999265 -0.750037 1.299102
v 9.999265 -0.388248 1.448960
v 9.999265 0.000000 1.500073
v 9.999265 0.388248 1.448960
v 9.999265 0.750037 1.299102
v 9.999265 1.060712 1.060712
v 9.999265 1.299102 0.750037
v 9.999265 1.448960 0.388248
v 9.999265 1.500073 -0.000000
v 9.999265 1.448960 -0.388248
v 9.999265 1.299102 -0.750037
v 9.999265 1.060712 -1.060712
v 9.999265 0.750037 -1.299102
v 9.999265 0.388248 -1.448960
v 10.000730 0.000000 -1.499890
v 10.000730 -0.388200 -1.448783
v 10.000730 -0.749945 -1.298943
v 10.000730 -1.060583 -1.060583
v 10.000730 -1.298943 -0.749945
v 10.000730 -1.448783 -0.388200
v 10.000730 -1.499890 0.000000
v 10.000730 -1.448783 0.388200
v 10.000730 -1.298943 0.749945
v 10.000730 -1.060583 1.060583
v 10.000730 -0.749945 1.298943
v 10.000730 -0.388200 1.448783
v 10.000730 0.000000 1.499890
v 10.000730 0.388200 1.448783
v 10.000730 0.749945 1.298943
v 10.000730 1.060583 1.060583
v 10.000730 1.298943 0.749945
v 10.000730 1.448783 0.388200
v 10.000730 1.499890 -0.000000
v 10.000730 1.448783 -0.388200
v 10.000730 1.298943 -0.749945
v 10.000730 1.060583 -1.060583
v 10.000730 0.749945 -1.298943
v 10.000730 0.388200 -1.448783
vt 1.033318 -3.454937 0.000000
vt -1.007864 -3.454937 0.000000
vt 1.033318 -3.769022 0.000000
vt -1.007864 -3.769022 0.000000
vt 1.033318 3.769022 0.000000
vt -1.007864 3.769022 0.000000
vt 1.033318 3.454937 0.000000
vt -1.007864 3.454937 0.000000
vt 1.033318 3.140851 0.000000
vt -1.007864 3.140851 0.000000
vt 1.033318 2.826766 0.000000
vt -1.007864 2.826766 0.000000
vt 1.033318 2.512681 0.000000
vt -1.007864 2.512681 0.000000
vt 1.033318 2.198596 0.000000
vt -1.007864 2.198596 0.000000
vt 1.033318 1.884511 0.000000
vt -1.007864 1.884511 0.000000
vt 1.033318 1.570426 0.000000
vt -1.007864 1.570426 0.000000
vt 1.033318 1.256341 0.000000
vt -1.007864 1.256341 0.000000
vt 1.033318 0.942255 0.000000
vt -1.007864 0.942255 0.000000
vt 1.033318 0.628170 0.000000
vt -1.007864 0.628170 0.000000
vt 1.033318 0.314085 0.000000
vt -1.007864 0.314085 0.000000
vt 1.033318 0.000000 0.000000
vt -1.007864 0.000000 0.000000
vt 1.033318 -0.314085 0.000000
vt -1.007864 -0.314085 0.000000
vt 1.033318 -0.628170 0.000000
vt -1.007864 -0.628170 0.000000
vt 1.033318 -0.942255 0.000000
vt -1.007864 -0.942255 0.000000
vt 1.033318 -1.256341 0.000000
vt -1.007864 -1.256341 0.000000
vt 1.033318 -1.570426 0.000000
vt -1.007864 -1.570426 0.000000
vt 1.033318 -1.884511 0.000000
vt -1.007864 -1.884511 0.000000
vt 1.033318 -2.198596 0.000000
vt -1.007864 -2.198596 0.000000
vt 1.033318 -2.512681 0.000000
vt -1.007864 -2.512681 0.000000
vt 1.033318 -2.826766 0.000000
vt -1.007864 -2.826766 0.000000
vt 1.033318 -3.140851 0.000000
vt -1.007864 -3.140851 0.000000
vt 1.000916 -4.177301 0.000000
vt -0.997885 -4.192491 0.000000
vt 1.000916 -4.557056 0.000000
vt -0.997885 -4.557056 0.000000
vt 1.000916 4.557056 0.000000
vt -0.997885 4.557056 0.000000
vt -0.997885 4.192491 0.000000
vt -0.997885 -3.827927 0.000000
vt 1.000916 -3.797546 0.000000
vt -0.997885 -3.463362 0.000000
vt 1.000916 -3.417792 0.000000
vt -0.997885 -3.098798 0.000000
vt 1.000916 -3.038037 0.000000
vt -0.997885 -2.734233 0.000000
vt 1.000916 -2.658283 0.000000
vt -0.997885 -2.369669 0.000000
vt 1.000916 -2.278528 0.000000
vt -0.997885 -2.005105 0.000000
vt 1.000916 -1.898773 0.000000
vt -0.997885 -1.640540 0.000000
vt 1.000916 -1.519019 0.000000
vt -0.997885 -1.275976 0.000000
vt 1.000916 -1.139264 0.000000
vt -0.997885 -0.911411 0.000000
vt 1.000916 -0.759509 0.000000
vt -0.997885 -0.546847 0.000000
vt 1.000916 -0.379755 0.000000
vt -0.997885 -0.182282 0.000000
vt 1.000916 0.000000 0.000000
vt -0.997885 0.182282 0.000000
vt 1.000916 0.379755 0.000000
vt -0.997885 0.546847 0.000000
vt 1.000916 0.759509 0.000000
vt -0.997885 0.911411 0.000000
vt 1.000916 1.139264 0.000000
vt -0.997885 1.275976 0.000000
vt 1.000916 1.519019 0.000000
vt -0.997885 1.640540 0.000000
vt 1.000916 1.898773 0.000000
vt -0.997885 2.005105 0.000000
vt 1.000916 2.278528 0.000000
vt -0.997885 2.369669 0.000000
vt 1.000916 2.658283 0.000000
vt -0.997885 2.734233 0.000000
vt 1.000916 3.038037 0.000000
vt -0.997885 3.098798 0.000000
vt 1.000916 3.417792 0.000000
vt -0.997885 3.463362 0.000000
vt 1.000916 3.797546 0.000000
vt -0.997885 3.827927 0.000000
vt 1.000916 4.177301 0.000000
vt 1.992271 -4.479911 0.000000
vt -1.990292 -4.479911 0.000000
vt 1.992271 -4.869469 0.000000
vt -1.990292 -4.869469 0.000000
vt 1.992271 4.869469 0.000000
vt -1.990292 4.869469 0.000000
vt 1.992271 4.479911 0.000000
vt -1.990292 4.479911 0.000000
vt 1.992271 4.090354 0.000000
vt -1.990292 4.090354 0.000000
vt 1.992271 3.700796 0.000000
vt -1.990292 3.700796 0.000000
vt 1.992271 3.311239 0.000000
vt -1.990292 3.311239 0.000000
vt 1.992271 2.921681 0.000000
vt -1.990292 2.921681 0.000000
vt 1.992271 2.532124 0.000000
vt -1.990292 2.532124 0.000000
vt 1.992271 2.142566 0.000000
vt -1.990292 2.142566 0.000000
vt 1.992271 1.753009 0.000000
vt -1.990292 1.753009 0.000000
vt 1.992271 1.363451 0.000000
vt -1.990292 1.363451 0.000000
vt 1.992271 0.973894 0.000000
vt -1.990292 0.973894 0.000000
vt 1.992271 0.584336 0.000000
vt -1.990292 0.584336 0.000000
vt 1.992271 0.194779 0.000000
vt -1.990292 0.194779 0.000000
vt 1.992271 -0.194779 0.000000
vt -1.990292 -0.194779 0.000000
vt 1.992271 -0.584336 0.000000
vt -1.990292 -0.584336 0.000000
vt 1.992271 -0.973894 0.000000
vt -1.990292 -0.973894 0.000000
vt 1.992271 -1.363451 0.000000
vt -1.990292 -1.363451 0.000000
vt 1.992271 -1.753009 0.000000
vt -1.990292 -1.753009 0.000000
vt 1.992271 -2.142566 0.000000
vt -1.990292 -2.142566 0.000000
vt 1.992271 -2.532124 0.000000
vt -1.990292 -2.532124 0.000000
vt 1.992271 -2.921681 0.000000
vt -1.990292 -2.921681 0.000000
vt 1.992271 -3.311239 0.000000
vt -1.990292 -3.311239 0.000000
vt 1.992271 -3.700796 0.000000
vt -1.990292 -3.700796 0.000000
vt 1.992271 -4.090354 0.000000
vt -1.990292 -4.090354 0.000000
vt -2.410815 -0.297642 0.000000
vt -0.189185 -0.297642 0.000000
vt -2.450000 0.000000 0.000000
vt -0.150000 0.000000 0.000000
vt -2.410815 0.297642 0.000000
vt -0.189185 0.297642 0.000000
vt -2.295929 0.575000 0.000000
vt -0.304071 0.575000 0.000000
vt -2.113173 0.813173 0.000000
vt -0.486827 0.813173 0.000000
vt -1.875000 0.995929 0.000000
vt -0.725000 0.995929 0.000000
vt -1.597642 1.110815 0.000000
vt -1.002358 1.110815 0.000000
vt -1.300000 1.150000 0.000000
vt -0.304071 -0.575000 0.000000
vt -2.295929 -0.575000 0.000000
vt -0.486827 -0.813173 0.000000
vt -2.113173 -0.813173 0.000000
vt -0.725000 -0.995929 0.000000
vt -1.875000 -0.995929 0.000000
vt -1.002358 -1.110815 0.000000
vt -1.597642 -1.110815 0.000000
vt -1.300000 -1.150000 0.000000
vt -0.349004 3.311762 0.000000
vt 0.499004 3.311762 0.000000
vt -0.349004 3.612832 0.000000
vt 0.499004 3.612832 0.000000
vt -0.349004 -3.612832 0.000000
vt 0.499004 -3.612832 0.000000
vt -0.349004 -3.311762 0.000000
vt 0.499004 -3.311762 0.000000
vt -0.349004 -3.010693 0.000000
vt 0.499004 -3.010693 0.000000
vt -0.349004 -2.709624 0.000000
vt 0.499004 -2.709624 0.000000
vt -0.349004 -2.408554 0.000000
vt 0.499004 -2.408554 0.000000
vt -0.349004 -2.107485 0.000000
vt 0.499004 -2.107485 0.000000
vt -0.349004 -1.806416 0.000000
vt 0.499004 -1.806416 0.000000
vt -0.349004 -1.505346 0.000000
vt 0.499004 -1.505346 0.000000
vt -0.349004 -1.204277 0.000000
vt 0.499004 -1.204277 0.000000
vt -0.349004 -0.903208 0.000000
vt 0.499004 -0.903208 0.000000
vt -0.349004 -0.602139 0.000000
vt 0.499004 -0.602139 0.000000
vt -0.349004 -0.301069 0.000000
vt 0.499004 -0.301069 0.000000
vt -0.349004 0.000000 0.000000
vt 0.499004 0.000000 0.000000
vt -0.349004 0.301069 0.000000
vt 0.499004 0.301069 0.000000
vt -0.349004 0.602139 0.000000
vt 0.499004 0.602139 0.000000
vt -0.349004 0.903208 0.000000
vt 0.499004 0.903208 0.000000
vt -0.349004 1.204277 0.000000
vt 0.499004 1.204277 0.000000
vt -0.349004 1.505346 0.000000
vt 0.499004 1.505346 0.000000
vt -0.349004 1.806416 0.000000
vt 0.499004 1.806416 0.000000
vt -0.349004 2.107485 0.000000
vt 0.499004 2.107485 0.000000
vt -0.349004 2.408554 0.000000
vt 0.499004 2.408554 0.000000
vt -0.349004 2.709624 0.000000
vt 0.499004 2.709624 0.000000
vt -0.349004 3.010693 0.000000
vt 0.499004 3.010693 0.000000
vt -0.565487 -0.301173 0.000000
vt -0.541627 -0.301173 0.000000
vt -0.565487 0.000000 0.000000
vt -0.541627 0.000000 0.000000
vt -0.565487 0.301173 0.000000
vt -0.541627 0.301173 0.000000
vt -0.565487 0.602346 0.000000
vt -0.541627 0.602346 0.000000
vt -0.565487 0.903518 0.000000
vt -0.541627 0.903518 0.000000
vt -0.565487 1.204691 0.000000
vt -0.541627 1.204691 0.000000
vt -0.565487 1.505864 0.000000
vt -0.541627 1.505864 0.000000
vt -0.565487 1.807037 0.000000
vt -0.541627 1.807037 0.000000
vt -0.565487 2.108209 0.000000
vt -0.541627 2.108209 0.000000
vt -0.565487 2.409382 0.000000
vt -0.541627 2.409382 0.000000
vt -0.565487 2.710555 0.000000
vt -0.541627 2.710555 0.000000
vt -0.565487 3.011728 0.000000
vt -0.541627 3.011728 0.000000
vt -0.565487 3.312900 0.000000
vt -0.541627 3.312900 0.000000
vt -0.565487 3.614073 0.000000
vt -0.541627 3.614073 0.000000
vt -0.565487 -3.614073 0.000000
vt -0.541627 -3.614073 0.000000
vt -0.565487 -3.312900 0.000000
vt -0.541627 -3.312900 0.000000
vt -0.565487 -3.011728 0.000000
vt -0.541627 -3.011728 0.000000
vt -0.565487 -2.710555 0.000000
vt -0.541627 -2.710555 0.000000
vt -0.565487 -2.409382 0.000000
vt -0.541627 -2.409382 0.000000
vt -0.565487 -2.108209 0.000000
vt -0.541627 -2.108209 0.000000
vt -0.565487 -1.807037 0.000000
vt -0.541627 -1.807037 0.000000
vt -0.565487 -1.505864 0.000000
vt -0.541627 -1.505864 0.000000
vt -0.565487 -1.204691 0.000000
vt -0.541627 -1.204691 0.000000
vt -0.565487 -0.903518 0.000000
vt -0.541627 -0.903518 0.000000
vt -0.565487 -0.602346 0.000000
vt -0.541627 -0.602346 0.000000
vt 1.503319 3.904140 0.000000
vt 1.503319 4.243630 0.000000
vt -1.511283 4.243630 0.000000
vt -1.511283 -4.243630 0.000000
vt 1.503319 -4.243630 0.000000
vt 1.503319 -3.904140 0.000000
vt -1.511283 -3.889994 0.000000
vt 1.503319 -3.564649 0.000000
vt -1.511283 -3.536359 0.000000
vt 1.503319 -3.225159 0.000000
vt -1.511283 -3.182723 0.000000
vt 1.503319 -2.885669 0.000000
vt -1.511283 -2.829087 0.000000
vt 1.503319 -2.546178 0.000000
vt -1.511283 -2.475451 0.000000
vt 1.503319 -2.206688 0.000000
vt -1.511283 -2.121815 0.000000
vt 1.503319 -1.867197 0.000000
vt -1.511283 -1.768179 0.000000
vt 1.503319 -1.527707 0.000000
vt -1.511283 -1.414543 0.000000
vt 1.503319 -1.188216 0.000000
vt -1.511283 -1.060908 0.000000
vt 1.503319 -0.848726 0.000000
vt -1.511283 -0.707272 0.000000
vt 1.503319 -0.509236 0.000000
vt -1.511283 -0.353636 0.000000
vt 1.503319 -0.169745 0.000000
vt -1.511283 0.000000 0.000000
vt 1.503319 0.169745 0.000000
vt -1.511283 0.353636 0.000000
vt 1.503319 0.509236 0.000000
vt -1.511283 0.707272 0.000000
vt 1.503319 0.848726 0.000000
vt -1.511283 1.060908 0.000000
vt 1.503319 1.188216 0.000000
vt -1.511283 1.414543 0.000000
vt 1.503319 1.527707 0.000000
vt -1.511283 1.768179 0.000000
vt 1.503319 1.867197 0.000000
vt -1.511283 2.121815 0.000000
vt 1.503319 2.206688 0.000000
vt -1.511283 2.475451 0.000000
vt 1.503319 2.546178 0.000000
vt -1.511283 2.829087 0.000000
vt 1.503319 2.885669 0.000000
vt -1.511283 3.182723 0.000000
vt 1.503319 3.225159 0.000000
vt -1.511283 3.536359 0.000000
vt 1.503319 3.564649 0.000000
vt -1.511283 3.889994 0.000000
vt -1.012601 -0.271326 0.000000
vt -1.048322 0.000000 0.000000
vt -1.200000 0.000000 0.000000
vt -1.012601 0.271326 0.000000
vt -1.159111 0.310583 0.000000
vt -0.907873 0.524161 0.000000
vt -1.039230 0.600000 0.000000
vt -0.741276 0.741276 0.000000
vt -0.848528 0.848528 0.000000
vt -0.524161 0.907873 0.000000
vt -0.600000 1.039230 0.000000
vt -0.271326 1.012601 0.000000
vt -0.310583 1.159111 0.000000
vt 0.000000 1.048322 0.000000
vt 0.000000 1.200000 0.000000
vt 0.310583 1.159111 0.000000
vt 0.271326 1.012601 0.000000
vt 0.600000 1.039230 0.000000
vt 0.524161 0.907873 0.000000
vt 0.848528 0.848528 0.000000
vt 0.741276 0.741276 0.000000
vt 1.039230 0.600000 0.000000
vt 0.907873 0.524161 0.000000
vt 1.159111 0.310583 0.000000
vt 1.012601 0.271326 0.000000
vt 1.200000 0.000000 0.000000
vt 1.048322 0.000000 0.000000
vt 1.159111 -0.310583 0.000000
vt 1.012601 -0.271326 0.000000
vt 0.907873 -0.524161 0.000000
vt 1.039230 -0.600000 0.000000
vt 0.741276 -0.741276 0.000000
vt 0.848528 -0.848528 0.000000
vt 0.524161 -0.907873 0.000000
vt 0.600000 -1.039230 0.000000
vt 0.271326 -1.012601 0.000000
vt 0.310583 -1.159111 0.000000
vt 0.000000 -1.048322 0.000000
vt -0.000000 -1.200000 0.000000
vt -0.310583 -1.159111 0.000000
vt -0.271326 -1.012601 0.000000
vt -0.600000 -1.039230 0.000000
vt -0.524161 -0.907873 0.000000
vt -0.848528 -0.848528 0.000000
vt -0.741276 -0.741276 0.000000
vt -1.039230 -0.600000 0.000000
vt -0.907873 -0.524161 0.000000
vt -1.159111 -0.310583 0.000000
vt 0.044296 -0.336465 0.000000
vt 2.555704 -0.336465 0.000000
vt 0.000000 0.000000 0.000000
vt 2.600000 0.000000 0.000000
vt 0.044296 0.336465 0.000000
vt 2.555704 0.336465 0.000000
vt 0.174167 0.650000 0.000000
vt 2.425833 0.650000 0.000000
vt 0.380761 0.919239 0.000000
vt 2.219239 0.919239 0.000000
vt 0.650000 1.125833 0.000000
vt 1.950000 1.125833 0.000000
vt 0.963535 1.255704 0.000000
vt 1.636465 1.255704 0.000000
vt 1.300000 1.300000 0.000000
vt 2.425833 -0.650000 0.000000
vt 0.174167 -0.650000 0.000000
vt 2.219239 -0.919239 0.000000
vt 0.380761 -0.919239 0.000000
vt 1.950000 -1.125833 0.000000
vt 0.650000 -1.125833 0.000000
vt 1.636465 -1.255704 0.000000
vt 0.963535 -1.255704 0.000000
vt 1.300000 -1.300000 0.000000
vt 0.499004 0.340339 0.000000
vt -0.499004 0.340339 0.000000
vt 0.499004 0.000000 0.000000
vt -0.499004 0.000000 0.000000
vt 0.499004 -0.340339 0.000000
vt -0.499004 -0.340339 0.000000
vt 0.499004 -0.680678 0.000000
vt -0.499004 -0.680678 0.000000
vt 0.499004 -1.021018 0.000000
vt -0.499004 -1.021018 0.000000
vt 0.499004 -1.361357 0.000000
vt -0.499004 -1.361357 0.000000
vt 0.499004 -1.701696 0.000000
vt -0.499004 -1.701696 0.000000
vt 0.499004 -2.042035 0.000000
vt -0.499004 -2.042035 0.000000
vt 0.499004 -2.382374 0.000000
vt -0.499004 -2.382374 0.000000
vt 0.499004 -2.722714 0.000000
vt -0.499004 -2.722714 0.000000
vt 0.499004 -3.063053 0.000000
vt -0.499004 -3.063053 0.000000
vt 0.499004 -3.403392 0.000000
vt -0.499004 -3.403392 0.000000
vt 0.499004 -3.743731 0.000000
vt -0.499004 -3.743731 0.000000
vt 0.499004 -4.084070 0.000000
vt -0.499004 -4.084070 0.000000
vt 0.499004 4.084070 0.000000
vt -0.499004 4.084070 0.000000
vt 0.499004 3.743731 0.000000
vt -0.499004 3.743731 0.000000
vt 0.499004 3.403392 0.000000
vt -0.499004 3.403392 0.000000
vt 0.499004 3.063053 0.000000
vt -0.499004 3.063053 0.000000
vt 0.499004 2.722714 0.000000
vt -0.499004 2.722714 0.000000
vt 0.499004 2.382374 0.000000
vt -0.499004 2.382374 0.000000
vt 0.499004 2.042035 0.000000
vt -0.499004 2.042035 0.000000
vt 0.499004 1.701696 0.000000
vt -0.499004 1.701696 0.000000
vt 0.499004 1.361357 0.000000
vt -0.499004 1.361357 0.000000
vt 0.499004 1.021018 0.000000
vt -0.499004 1.021018 0.000000
vt 0.499004 0.680678 0.000000
vt -0.499004 0.680678 0.000000
vt 0.094248 0.340356 0.000000
vt 0.090271 0.000000 0.000000
vt 0.094248 0.000000 0.000000
vt 0.090271 -0.340356 0.000000
vt 0.094248 -0.340356 0.000000
vt 0.090271 -0.680713 0.000000
vt 0.094248 -0.680713 0.000000
vt 0.090271 -1.021069 0.000000
vt 0.094248 -1.021069 0.000000
vt 0.090271 -1.361426 0.000000
vt 0.094248 -1.361426 0.000000
vt 0.090271 -1.701782 0.000000
vt 0.094248 -1.701782 0.000000
vt 0.090271 -2.042139 0.000000
vt 0.094248 -2.042139 0.000000
vt 0.090271 -2.382495 0.000000
vt 0.094248 -2.382495 0.000000
vt 0.090271 -2.722852 0.000000
vt 0.094248 -2.722852 0.000000
vt 0.090271 -3.063208 0.000000
vt 0.094248 -3.063208 0.000000
vt 0.090271 -3.403564 0.000000
vt 0.094248 -3.403564 0.000000
vt 0.090271 -3.743921 0.000000
vt 0.094248 -3.743921 0.000000
vt 0.090271 -4.084277 0.000000
vt 0.094248 -4.084277 0.000000
vt 0.094248 4.084277 0.000000
vt 0.090271 4.084277 0.000000
vt 0.090271 3.743921 0.000000
vt 0.094248 3.743921 0.000000
vt 0.090271 3.403564 0.000000
vt 0.094248 3.403564 0.000000
vt 0.090271 3.063208 0.000000
vt 0.094248 3.063208 0.000000
vt 0.090271 2.722852 0.000000
vt 0.094248 2.722852 0.000000
vt 0.090271 2.382495 0.000000
vt 0.094248 2.382495 0.000000
vt 0.090271 2.042139 0.000000
vt 0.094248 2.042139 0.000000
vt 0.090271 1.701782 0.000000
vt 0.094248 1.701782 0.000000
vt 0.090271 1.361426 0.000000
vt 0.094248 1.361426 0.000000
vt 0.090271 1.021069 0.000000
vt 0.094248 1.021069 0.000000
vt 0.090271 0.680713 0.000000
vt 0.094248 0.680713 0.000000
vt 0.090271 0.340356 0.000000
vt 1.511283 0.392699 0.000000
vt -1.511283 0.362491 0.000000
vt 1.511283 0.000000 0.000000
vt -1.511283 0.000000 0.000000
vt -1.511283 -0.362491 0.000000
vt -1.511283 0.724983 0.000000
vt 1.511283 0.785398 0.000000
vt -1.511283 1.087474 0.000000
vt 1.511283 1.178097 0.000000
vt -1.511283 1.449966 0.000000
vt 1.511283 1.570796 0.000000
vt -1.511283 1.812457 0.000000
vt 1.511283 1.963495 0.000000
vt -1.511283 2.174949 0.000000
vt 1.511283 2.356194 0.000000
vt -1.511283 2.537440 0.000000
vt 1.511283 2.748894 0.000000
vt -1.511283 2.899932 0.000000
vt 1.511283 3.141593 0.000000
vt -1.511283 3.262423 0.000000
vt 1.511283 3.534292 0.000000
vt -1.511283 3.624915 0.000000
vt 1.511283 3.926991 0.000000
vt -1.511283 3.987406 0.000000
vt 1.511283 4.319690 0.000000
vt -1.511283 4.349898 0.000000
vt 1.511283 4.712389 0.000000
vt -1.511283 4.712389 0.000000
vt -1.511283 -4.712389 0.000000
vt 1.511283 -4.712389 0.000000
vt -1.511283 -4.349898 0.000000
vt 1.511283 -4.319690 0.000000
vt -1.511283 -3.987406 0.000000
vt 1.511283 -3.926991 0.000000
vt -1.511283 -3.624915 0.000000
vt 1.511283 -3.534292 0.000000
vt -1.511283 -3.262423 0.000000
vt 1.511283 -3.141593 0.000000
vt -1.511283 -2.899932 0.000000
vt 1.511283 -2.748894 0.000000
vt -1.511283 -2.537440 0.000000
vt 1.511283 -2.356194 0.000000
vt -1.511283 -2.174949 0.000000
vt 1.511283 -1.963495 0.000000
vt -1.511283 -1.812457 0.000000
vt 1.511283 -1.570796 0.000000
vt -1.511283 -1.449966 0.000000
vt 1.511283 -1.178097 0.000000
vt -1.511283 -1.087474 0.000000
vt 1.511283 -0.785398 0.000000
vt -1.511283 -0.724983 0.000000
vt 1.511283 -0.392699 0.000000
vt 0.003977 0.410808 0.000000
vt 0.000000 0.000000 0.000000
vt 0.003977 0.000000 0.000000
vt 0.000000 -0.410808 0.000000
vt 0.003977 -0.410808 0.000000
vt 0.000000 -0.821615 0.000000
vt 0.003977 -0.821615 0.000000
vt 0.000000 -1.232423 0.000000
vt 0.003977 -1.232423 0.000000
vt 0.000000 -1.643231 0.000000
vt 0.003977 -1.643231 0.000000
vt 0.000000 -2.054039 0.000000
vt 0.003977 -2.054039 0.000000
vt 0.000000 -2.464846 0.000000
vt 0.003977 -2.464846 0.000000
vt 0.000000 -2.875654 0.000000
vt 0.003977 -2.875654 0.000000
vt 0.000000 -3.286462 0.000000
vt 0.003977 -3.286462 0.000000
vt 0.000000 -3.697270 0.000000
vt 0.003977 -3.697270 0.000000
vt 0.000000 -4.108077 0.000000
vt 0.003977 -4.108077 0.000000
vt 0.000000 -4.518885 0.000000
vt 0.003977 -4.518885 0.000000
vt 0.000000 -4.929693 0.000000
vt 0.003977 -4.929693 0.000000
vt 0.000000 -5.340501 0.000000
vt 0.003977 -5.340501 0.000000
vt 0.003977 5.340501 0.000000
vt 0.000000 5.340501 0.000000
vt 0.000000 4.929693 0.000000
vt 0.003977 4.929693 0.000000
vt 0.000000 4.518885 0.000000
vt 0.003977 4.518885 0.000000
vt 0.000000 4.108077 0.000000
vt 0.003977 4.108077 0.000000
vt 0.000000 3.697270 0.000000
vt 0.003977 3.697270 0.000000
vt 0.000000 3.286462 0.000000
vt 0.003977 3.286462 0.000000
vt 0.000000 2.875654 0.000000
vt 0.003977 2.875654 0.000000
vt 0.000000 2.464846 0.000000
vt 0.003977 2.464846 0.000000
vt 0.000000 2.054039 0.000000
vt 0.003977 2.054039 0.000000
vt 0.000000 1.643231 0.000000
vt 0.003977 1.643231 0.000000
vt 0.000000 1.232423 0.000000
vt 0.003977 1.232423 0.000000
vt 0.000000 0.821615 0.000000
vt 0.003977 0.821615 0.000000
vt 0.000000 0.410808 0.000000
vt 1.998256 0.410824 0.000000
vt -1.998256 0.410824 0.000000
vt 1.998256 0.000000 0.000000
vt -1.998256 0.000000 0.000000
vt 1.998256 -0.410824 0.000000
vt -1.998256 -0.410824 0.000000
vt 1.998256 -0.821647 0.000000
vt -1.998256 -0.821647 0.000000
vt 1.998256 -1.232471 0.000000
vt -1.998256 -1.232471 0.000000
vt 1.998256 -1.643295 0.000000
vt -1.998256 -1.643295 0.000000
vt 1.998256 -2.054118 0.000000
vt -1.998256 -2.054118 0.000000
vt 1.998256 -2.464942 0.000000
vt -1.998256 -2.464942 0.000000
vt 1.998256 -2.875766 0.000000
vt -1.998256 -2.875766 0.000000
vt 1.998256 -3.286589 0.000000
vt -1.998256 -3.286589 0.000000
vt 1.998256 -3.697413 0.000000
vt -1.998256 -3.697413 0.000000
vt 1.998256 -4.108237 0.000000
vt -1.998256 -4.108237 0.000000
vt 1.998256 -4.519060 0.000000
vt -1.998256 -4.519060 0.000000
vt 1.998256 -4.929884 0.000000
vt -1.998256 -4.929884 0.000000
vt 1.998256 -5.340708 0.000000
vt -1.998256 -5.340708 0.000000
vt 1.998256 5.340708 0.000000
vt -1.998256 5.340708 0.000000
vt 1.998256 4.929884 0.000000
vt -1.998256 4.929884 0.000000
vt 1.998256 4.519060 0.000000
vt -1.998256 4.519060 0.000000
vt 1.998256 4.108237 0.000000
vt -1.998256 4.108237 0.000000
vt 1.998256 3.697413 0.000000
vt -1.998256 3.697413 0.000000
vt 1.998256 3.286589 0.000000
vt -1.998256 3.286589 0.000000
vt 1.998256 2.875766 0.000000
vt -1.998256 2.875766 0.000000
vt 1.998256 2.464942 0.000000
vt -1.998256 2.464942 0.000000
vt 1.998256 2.054118 0.000000
vt -1.998256 2.054118 0.000000
vt 1.998256 1.643295 0.000000
vt -1.998256 1.643295 0.000000
vt 1.998256 1.232471 0.000000
vt -1.998256 1.232471 0.000000
vt 1.998256 0.821647 0.000000
vt -1.998256 0.821647 0.000000
vt -0.000000 0.410815 0.000000
vt -0.002990 0.000000 0.000000
vt -0.000000 0.000000 0.000000
vt -0.002990 -0.410815 0.000000
vt -0.000000 -0.410815 0.000000
vt -0.002990 -0.821629 0.000000
vt -0.000000 -0.821629 0.000000
vt -0.002990 -1.232444 0.000000
vt -0.000000 -1.232444 0.000000
vt -0.002990 -1.643259 0.000000
vt -0.000000 -1.643259 0.000000
vt -0.002990 -2.054073 0.000000
vt -0.000000 -2.054073 0.000000
vt -0.002990 -2.464888 0.000000
vt -0.000000 -2.464888 0.000000
vt -0.002990 -2.875703 0.000000
vt -0.000000 -2.875703 0.000000
vt -0.002990 -3.286517 0.000000
vt -0.000000 -3.286517 0.000000
vt -0.002990 -3.697332 0.000000
vt -0.000000 -3.697332 0.000000
vt -0.002990 -4.108147 0.000000
vt -0.000000 -4.108147 0.000000
vt -0.002990 -4.518961 0.000000
vt -0.000000 -4.518961 0.000000
vt -0.002990 -4.929776 0.000000
vt -0.000000 -4.929776 0.000000
vt -0.002990 -5.340591 0.000000
vt -0.000000 -5.340591 0.000000
vt -0.000000 5.340591 0.000000
vt -0.002990 5.340591 0.000000
vt -0.002990 4.929776 0.000000
vt -0.000000 4.929776 0.000000
vt -0.002990 4.518961 0.000000
vt -0.000000 4.518961 0.000000
vt -0.002990 4.108147 0.000000
vt -0.000000 4.108147 0.000000
vt -0.002990 3.697332 0.000000
vt -0.000000 3.697332 0.000000
vt -0.002990 3.286517 0.000000
vt -0.000000 3.286517 0.000000
vt -0.002990 2.875703 0.000000
vt -0.000000 2.875703 0.000000
vt -0.002990 2.464888 0.000000
vt -0.000000 2.464888 0.000000
vt -0.002990 2.054073 0.000000
vt -0.000000 2.054073 0.000000
vt -0.002990 1.643259 0.000000
vt -0.000000 1.643259 0.000000
vt -0.002990 1.232444 0.000000
vt -0.000000 1.232444 0.000000
vt -0.002990 0.821629 0.000000
vt -0.000000 0.821629 0.000000
vt -0.002990 0.410815 0.000000
vt 1.003870 -0.386648 0.000000
vt 1.003870 0.000000 0.000000
vt -1.003870 0.000000 0.000000
vt 1.003870 0.386648 0.000000
vt -1.003870 0.418869 0.000000
vt 1.003870 0.773297 0.000000
vt -1.003870 0.837738 0.000000
vt 1.003870 1.159945 0.000000
vt -1.003870 1.256607 0.000000
vt 1.003870 1.546594 0.000000
vt -1.003870 1.675477 0.000000
vt 1.003870 1.933242 0.000000
vt -1.003870 2.094346 0.000000
vt 1.003870 2.319891 0.000000
vt -1.003870 2.513215 0.000000
vt 1.003870 2.706539 0.000000
vt -1.003870 2.932084 0.000000
vt 1.003870 3.093188 0.000000
vt -1.003870 3.350953 0.000000
vt 1.003870 3.479836 0.000000
vt -1.003870 3.769822 0.000000
vt 1.003870 3.866484 0.000000
vt -1.003870 4.188691 0.000000
vt 1.003870 4.253133 0.000000
vt -1.003870 4.607561 0.000000
vt 1.003870 4.639781 0.000000
vt -1.003870 5.026430 0.000000
vt 1.003870 5.026430 0.000000
vt -1.003870 -5.026430 0.000000
vt 1.003870 -5.026430 0.000000
vt 1.003870 -4.639781 0.000000
vt -1.003870 -4.607561 0.000000
vt 1.003870 -4.253133 0.000000
vt -1.003870 -4.188691 0.000000
vt 1.003870 -3.866484 0.000000
vt -1.003870 -3.769822 0.000000
vt 1.003870 -3.479836 0.000000
vt -1.003870 -3.350953 0.000000
vt 1.003870 -3.093188 0.000000
vt -1.003870 -2.932084 0.000000
vt 1.003870 -2.706539 0.000000
vt -1.003870 -2.513215 0.000000
vt 1.003870 -2.319891 0.000000
vt -1.003870 -2.094346 0.000000
vt 1.003870 -1.933242 0.000000
vt -1.003870 -1.675477 0.000000
vt 1.003870 -1.546594 0.000000
vt -1.003870 -1.256607 0.000000
vt 1.003870 -1.159945 0.000000
vt -1.003870 -0.837738 0.000000
vt 1.003870 -0.773297 0.000000
vt -1.003870 -0.418869 0.000000
vt -0.002990 0.392697 0.000000
vt -0.004467 0.000000 0.000000
vt -0.002990 0.000000 0.000000
vt -0.004467 -0.392697 0.000000
vt -0.002990 -0.392697 0.000000
vt -0.004467 -0.785393 0.000000
vt -0.002990 -0.785393 0.000000
vt -0.004467 -1.178090 0.000000
vt -0.002990 -1.178090 0.000000
vt -0.004467 -1.570787 0.000000
vt -0.002990 -1.570787 0.000000
vt -0.004467 -1.963484 0.000000
vt -0.002990 -1.963484 0.000000
vt -0.004467 -2.356180 0.000000
vt -0.002990 -2.356180 0.000000
vt -0.004467 -2.748877 0.000000
vt -0.002990 -2.748877 0.000000
vt -0.004467 -3.141574 0.000000
vt -0.002990 -3.141574 0.000000
vt -0.004467 -3.534270 0.000000
vt -0.002990 -3.534270 0.000000
vt -0.004467 -3.926967 0.000000
vt -0.002990 -3.926967 0.000000
vt -0.004467 -4.319664 0.000000
vt -0.002990 -4.319664 0.000000
vt -0.004467 -4.712361 0.000000
vt -0.002990 -4.712361 0.000000
vt -0.002990 4.712361 0.000000
vt -0.004467 4.712361 0.000000
vt -0.004467 4.319664 0.000000
vt -0.002990 4.319664 0.000000
vt -0.004467 3.926967 0.000000
vt -0.002990 3.926967 0.000000
vt -0.004467 3.534270 0.000000
vt -0.002990 3.534270 0.000000
vt -0.004467 3.141574 0.000000
vt -0.002990 3.141574 0.000000
vt -0.004467 2.748877 0.000000
vt -0.002990 2.748877 0.000000
vt -0.004467 2.356180 0.000000
vt -0.002990 2.356180 0.000000
vt -0.004467 1.963484 0.000000
vt -0.002990 1.963484 0.000000
vt -0.004467 1.570787 0.000000
vt -0.002990 1.570787 0.000000
vt -0.004467 1.178090 0.000000
vt -0.002990 1.178090 0.000000
vt -0.004467 0.785393 0.000000
vt -0.002990 0.785393 0.000000
vt -0.004467 0.392697 0.000000
vt 1.010818 0.353415 0.000000
vt -1.010818 0.353415 0.000000
vt 1.010818 0.000000 0.000000
vt -1.010818 0.000000 0.000000
vt 1.010818 -0.353415 0.000000
vt -1.010818 -0.353415 0.000000
vt 1.010818 -0.706830 0.000000
vt -1.010818 -0.706830 0.000000
vt 1.010818 -1.060245 0.000000
vt -1.010818 -1.060245 0.000000
vt 1.010818 -1.413659 0.000000
vt -1.010818 -1.413659 0.000000
vt 1.010818 -1.767074 0.000000
vt -1.010818 -1.767074 0.000000
vt 1.010818 -2.120489 0.000000
vt -1.010818 -2.120489 0.000000
vt 1.010818 -2.473904 0.000000
vt -1.010818 -2.473904 0.000000
vt 1.010818 -2.827319 0.000000
vt -1.010818 -2.827319 0.000000
vt 1.010818 -3.180734 0.000000
vt -1.010818 -3.180734 0.000000
vt 1.010818 -3.534148 0.000000
vt -1.010818 -3.534148 0.000000
vt 1.010818 -3.887563 0.000000
vt -1.010818 -3.887563 0.000000
vt 1.010818 -4.240978 0.000000
vt -1.010818 -4.240978 0.000000
vt 1.010818 4.240978 0.000000
vt -1.010818 4.240978 0.000000
vt 1.010818 3.887563 0.000000
vt -1.010818 3.887563 0.000000
vt 1.010818 3.534148 0.000000
vt -1.010818 3.534148 0.000000
vt 1.010818 3.180734 0.000000
vt -1.010818 3.180734 0.000000
vt 1.010818 2.827319 0.000000
vt -1.010818 2.827319 0.000000
vt 1.010818 2.473904 0.000000
vt -1.010818 2.473904 0.000000
vt 1.010818 2.120489 0.000000
vt -1.010818 2.120489 0.000000
vt 1.010818 1.767074 0.000000
vt -1.010818 1.767074 0.000000
vt 1.010818 1.413659 0.000000
vt -1.010818 1.413659 0.000000
vt 1.010818 1.060245 0.000000
vt -1.010818 1.060245 0.000000
vt 1.010818 0.706830 0.000000
vt -1.010818 0.706830 0.000000
vn -0.148340 0.255956 -0.955239
vn -0.148340 0.255956 -0.955239
vn -0.148340 0.000000 -0.988936
vn -0.148340 0.000000 -0.988936
vn -0.148340 -0.255956 -0.955239
vn -0.148340 -0.255956 -0.955239
vn -0.148340 -0.494468 -0.856444
vn -0.148340 -0.494468 -0.856444
vn -0.148340 -0.699284 -0.699284
vn -0.148340 -0.699284 -0.699284
vn -0.148340 -0.856444 -0.494468
vn -0.148340 -0.856444 -0.494468
vn -0.148340 -0.955239 -0.255956
vn -0.148340 -0.955239 -0.255956
vn -0.148340 -0.988936 0.000000
vn -0.148340 -0.988936 0.000000
vn -0.148340 -0.955239 0.255956
vn -0.148340 -0.955239 0.255956
vn -0.148340 -0.856444 0.494468
vn -0.148340 -0.856444 0.494468
vn -0.148340 -0.699284 0.699284
vn -0.148340 -0.699284 0.699284
vn -0.148340 -0.494468 0.856444
vn -0.148340 -0.494468 0.856444
vn -0.148340 -0.255956 0.955239
vn -0.148340 -0.255956 0.955239
vn -0.148340 -0.000000 0.988936
vn -0.148340 -0.000000 0.988936
vn -0.148340 0.255956 0.955239
vn -0.148340 0.255956 0.955239
vn -0.148340 0.494468 0.856444
vn -0.148340 0.494468 0.856444
vn -0.148340 0.699284 0.699284
vn -0.148340 0.699284 0.699284
vn -0.148340 0.856444 0.494468
vn -0.148340 0.856444 0.494468
vn -0.148340 0.955239 0.255956
vn -0.148340 0.955239 0.255956
vn -0.148340 0.988936 0.000000
vn -0.148340 0.988936 0.000000
vn -0.148340 0.955239 -0.255956
vn -0.148340 0.955239 -0.255956
vn -0.148340 0.856444 -0.494468
vn -0.148340 0.856444 -0.494468
vn -0.148340 0.699284 -0.699284
vn -0.148340 0.699284 -0.699284
vn -0.148340 0.494468 -0.856444
vn -0.148340 0.494468 -0.856444
vn -0.099504 0.257535 -0.961132
vn -0.099504 0.247456 -0.963776
vn -0.099504 0.000000 -0.995037
vn -0.099504 0.000000 -0.995037
vn -0.099504 -0.247456 -0.963776
vn -0.099504 0.479363 -0.871958
vn -0.099504 0.497519 -0.861727
vn -0.099504 0.681150 -0.725351
vn -0.099504 0.703598 -0.703598
vn -0.099504 0.840138 -0.533168
vn -0.099504 0.861727 -0.497519
vn -0.099504 0.946337 -0.307483
vn -0.099504 0.961132 -0.257535
vn -0.099504 0.993074 -0.062479
vn -0.099504 0.995037 0.000000
vn -0.099504 0.977412 0.186451
vn -0.099504 0.961132 0.257535
vn -0.099504 0.900337 0.423666
vn -0.099504 0.861727 0.497519
vn -0.099504 0.766689 0.634261
vn -0.099504 0.703598 0.703598
vn -0.099504 0.584868 0.805002
vn -0.099504 0.497519 0.861727
vn -0.099504 0.366298 0.925162
vn -0.099504 0.257535 0.961132
vn -0.099504 0.124711 0.987191
vn -0.099504 -0.000000 0.995037
vn -0.099504 -0.124711 0.987191
vn -0.099504 -0.257535 0.961132
vn -0.099504 -0.366298 0.925162
vn -0.099504 -0.497519 0.861727
vn -0.099504 -0.584868 0.805002
vn -0.099504 -0.703598 0.703598
vn -0.099504 -0.766689 0.634261
vn -0.099504 -0.861727 0.497519
vn -0.099504 -0.900337 0.423666
vn -0.099504 -0.961132 0.257535
vn -0.099504 -0.977412 0.186451
vn -0.099504 -0.995037 0.000000
vn -0.099504 -0.993074 -0.062479
vn -0.099504 -0.961132 -0.257535
vn -0.099504 -0.946337 -0.307483
vn -0.099504 -0.861727 -0.497519
vn -0.099504 -0.840138 -0.533168
vn -0.099504 -0.703598 -0.703598
vn -0.099504 -0.681150 -0.725351
vn -0.099504 -0.497519 -0.861727
vn -0.099504 -0.479363 -0.871958
vn -0.099504 -0.257535 -0.961132
vn 0.000000 0.248690 -0.968583
vn 0.000000 0.248690 -0.968583
vn 0.000000 0.000000 -1.000000
vn 0.000000 0.000000 -1.000000
vn 0.000000 -0.248690 -0.968583
vn 0.000000 -0.248690 -0.968583
vn 0.000000 -0.481754 -0.876307
vn 0.000000 -0.481754 -0.876307
vn 0.000000 -0.684547 -0.728969
vn 0.000000 -0.684547 -0.728969
vn 0.000000 -0.844328 -0.535827
vn 0.000000 -0.844328 -0.535827
vn 0.000000 -0.951057 -0.309017
vn 0.000000 -0.951057 -0.309017
vn 0.000000 -0.998027 -0.062791
vn 0.000000 -0.998027 -0.062791
vn 0.000000 -0.982287 0.187381
vn 0.000000 -0.982287 0.187381
vn 0.000000 -0.904827 0.425779
vn 0.000000 -0.904827 0.425779
vn 0.000000 -0.770513 0.637424
vn 0.000000 -0.770513 0.637424
vn 0.000000 -0.587785 0.809017
vn 0.000000 -0.587785 0.809017
vn 0.000000 -0.368125 0.929776
vn 0.000000 -0.368125 0.929776
vn 0.000000 -0.125333 0.992115
vn 0.000000 -0.125333 0.992115
vn -0.000000 0.125333 0.992115
vn -0.000000 0.125333 0.992115
vn -0.000000 0.368125 0.929776
vn -0.000000 0.368125 0.929776
vn -0.000000 0.587785 0.809017
vn -0.000000 0.587785 0.809017
vn -0.000000 0.770513 0.637424
vn -0.000000 0.770513 0.637424
vn -0.000000 0.904827 0.425779
vn -0.000000 0.904827 0.425779
vn -0.000000 0.982287 0.187381
vn -0.000000 0.982287 0.187381
vn 0.000000 0.998027 -0.062791
vn 0.000000 0.998027 -0.062791
vn 0.000000 0.951057 -0.309017
vn 0.000000 0.951057 -0.309017
vn 0.000000 0.844328 -0.535827
vn 0.000000 0.844328 -0.535827
vn 0.000000 0.684547 -0.728969
vn 0.000000 0.684547 -0.728969
vn 0.000000 0.481754 -0.876307
vn 0.000000 0.481754 -0.876307
vn 1.000000 0.000000 0.000000
vn 1.000000 0.000000 0.000000
vn 1.000000 0.000000 0.000000
vn 1.000000 0.000000 0.000000
vn 1.000000 0.000000 0.000000
vn 1.000000 0.000000 0.000000
vn 1.000000 0.000000 0.000000
vn 1.000000 0.000000 0.000000
vn 1.000000 0.000000 0.000000
vn 1.000000 0.000000 0.000000
vn 1.000000 0.000000 0.000000
vn 1.000000 0.000000 0.000000
vn 1.000000 0.000000 0.000000
vn 1.000000 0.000000 0.000000
vn 1.000000 0.000000 0.000000
vn 1.000000 0.000000 0.000000
vn 1.000000 0.000000 0.000000
vn 1.000000 0.000000 0.000000
vn 1.000000 0.000000 0.000000
vn 1.000000 0.000000 0.000000
vn 1.000000 0.000000 0.000000
vn 1.000000 0.000000 0.000000
vn 1.000000 0.000000 0.000000
vn 1.000000 0.000000 0.000000
vn 0.000000 -0.258819 -0.965926
vn 0.000000 -0.258819 -0.965926
vn 0.000000 -0.000000 -1.000000
vn 0.000000 -0.000000 -1.000000
vn 0.000000 0.258819 -0.965926
vn 0.000000 0.258819 -0.965926
vn 0.000000 0.500000 -0.866025
vn 0.000000 0.500000 -0.866025
vn 0.000000 0.707107 -0.707107
vn 0.000000 0.707107 -0.707107
vn 0.000000 0.866025 -0.500000
vn 0.000000 0.866025 -0.500000
vn 0.000000 0.965926 -0.258819
vn 0.000000 0.965926 -0.258819
vn -0.000000 1.000000 0.000000
vn 0.000000 1.000000 -0.000000
vn -0.000000 0.965926 0.258819
vn -0.000000 0.965926 0.258819
vn -0.000000 0.866025 0.500000
vn -0.000000 0.866025 0.500000
vn -0.000000 0.707107 0.707107
vn -0.000000 0.707107 0.707107
vn -0.000000 0.500000 0.866025
vn -0.000000 0.500000 0.866025
vn -0.000000 0.258819 0.965926
vn -0.000000 0.258819 0.965926
vn 0.000000 -0.000000 1.000000
vn 0.000000 -0.000000 1.000000
vn 0.000000 -0.258819 0.965926
vn 0.000000 -0.258819 0.965926
vn 0.000000 -0.500000 0.866025
vn 0.000000 -0.500000 0.866025
vn 0.000000 -0.707107 0.707107
vn 0.000000 -0.707107 0.707107
vn 0.000000 -0.866025 0.500000
vn 0.000000 -0.866025 0.500000
vn 0.000000 -0.965926 0.258819
vn 0.000000 -0.965926 0.258819
vn 0.000000 -1.000000 0.000000
vn 0.000000 -1.000000 0.000000
vn 0.000000 -0.965926 -0.258819
vn 0.000000 -0.965926 -0.258819
vn 0.000000 -0.866025 -0.500000
vn 0.000000 -0.866025 -0.500000
vn 0.000000 -0.707107 -0.707107
vn 0.000000 -0.707107 -0.707107
vn 0.000000 -0.500000 -0.866025
vn 0.000000 -0.500000 -0.866025
vn 0.132164 0.256549 0.957453
vn 0.132164 -0.000000 0.991228
vn 0.132164 -0.256549 0.957453
vn 0.132164 -0.495614 0.858429
vn 0.132164 -0.700904 0.700904
vn 0.132164 -0.858429 0.495614
vn 0.132164 -0.957453 0.256549
vn 0.132164 -0.991228 0.000000
vn 0.132164 -0.957453 -0.256549
vn 0.132164 -0.858429 -0.495614
vn 0.132164 -0.700904 -0.700904
vn 0.132164 -0.495614 -0.858429
vn 0.132164 -0.256549 -0.957453
vn 0.132164 -0.000000 -0.991228
vn 0.132164 0.256549 -0.957453
vn 0.132164 0.495614 -0.858429
vn 0.132164 0.700904 -0.700904
vn 0.132164 0.858429 -0.495614
vn 0.132164 0.957453 -0.256549
vn 0.132164 0.991228 -0.000000
vn 0.132164 0.957453 0.256549
vn 0.132164 0.858429 0.495614
vn 0.132164 0.700904 0.700904
vn 0.132164 0.495614 0.858429
vn 0.132164 -0.246508 -0.960087
vn 0.132164 -0.000000 -0.991228
vn 0.132164 0.246508 -0.960087
vn 0.132164 0.477528 -0.868620
vn 0.132164 0.678542 -0.722574
vn 0.132164 0.836921 -0.531126
vn 0.132164 0.942714 -0.306306
vn 0.132164 0.989272 -0.062240
vn 0.132164 0.973671 0.185738
vn 0.132164 0.896890 0.422044
vn 0.132164 0.763754 0.631832
vn 0.132164 0.582629 0.801920
vn 0.132164 0.364895 0.921620
vn 0.132164 0.124234 0.983412
vn 0.132164 -0.124234 0.983412
vn 0.132164 -0.364895 0.921620
vn 0.132164 -0.582629 0.801920
vn 0.132164 -0.763754 0.631832
vn 0.132164 -0.896890 0.422044
vn 0.132164 -0.973671 0.185738
vn 0.132164 -0.989272 -0.062240
vn 0.132164 -0.942714 -0.306306
vn 0.132164 -0.836921 -0.531126
vn 0.132164 -0.678542 -0.722574
vn 0.132164 -0.477528 -0.868620
vn 1.000000 0.000000 0.000000
vn 1.000000 0.000000 0.000000
vn 1.000000 0.000000 0.000000
vn 1.000000 0.000000 0.000000
vn 1.000000 0.000000 0.000000
vn 1.000000 0.000000 0.000000
vn 1.000000 0.000000 0.000000
vn 1.000000 0.000000 0.000000
vn 1.000000 0.000000 0.000000
vn 1.000000 0.000000 0.000000
vn 1.000000 0.000000 0.000000
vn 1.000000 0.000000 0.000000
vn 1.000000 0.000000 0.000000
vn 1.000000 0.000000 0.000000
vn 1.000000 0.000000 0.000000
vn 1.000000 0.000000 0.000000
vn 1.000000 0.000000 0.000000
vn 1.000000 0.000000 0.000000
vn 1.000000 0.000000 0.000000
vn 1.000000 0.000000 0.000000
vn 1.000000 0.000000 0.000000
vn 1.000000 0.000000 0.000000
vn 1.000000 0.000000 0.000000
vn 1.000000 0.000000 0.000000
vn 1.000000 0.000000 0.000000
vn 1.000000 0.000000 0.000000
vn 1.000000 0.000000 0.000000
vn 1.000000 0.000000 0.000000
vn 1.000000 0.000000 0.000000
vn 1.000000 0.000000 0.000000
vn 1.000000 0.000000 0.000000
vn 1.000000 0.000000 0.000000
vn 1.000000 0.000000 0.000000
vn 1.000000 0.000000 0.000000
vn 1.000000 0.000000 0.000000
vn 1.000000 0.000000 0.000000
vn 1.000000 0.000000 0.000000
vn 1.000000 0.000000 0.000000
vn 1.000000 0.000000 0.000000
vn 1.000000 0.000000 0.000000
vn 1.000000 0.000000 0.000000
vn 1.000000 0.000000 0.000000
vn 1.000000 0.000000 0.000000
vn 1.000000 0.000000 0.000000
vn 1.000000 0.000000 0.000000
vn 1.000000 0.000000 0.000000
vn 1.000000 0.000000 0.000000
vn 1.000000 0.000000 0.000000
vn -1.000000 -0.000000 -0.000000
vn -1.000000 -0.000000 -0.000000
vn -1.000000 -0.000000 -0.000000
vn -1.000000 -0.000000 -0.000000
vn -1.000000 -0.000000 -0.000000
vn -1.000000 -0.000000 -0.000000
vn -1.000000 -0.000000 -0.000000
vn -1.000000 -0.000000 -0.000000
vn -1.000000 -0.000000 -0.000000
vn -1.000000 -0.000000 -0.000000
vn -1.000000 -0.000000 -0.000000
vn -1.000000 -0.000000 -0.000000
vn -1.000000 -0.000000 -0.000000
vn -1.000000 -0.000000 -0.000000
vn -1.000000 -0.000000 -0.000000
vn -1.000000 -0.000000 -0.000000
vn -1.000000 -0.000000 -0.000000
vn -1.000000 -0.000000 -0.000000
vn -1.000000 -0.000000 -0.000000
vn -1.000000 -0.000000 -0.000000
vn -1.000000 -0.000000 -0.000000
vn -1.000000 -0.000000 -0.000000
vn -1.000000 -0.000000 -0.000000
vn -1.000000 -0.000000 -0.000000
vn -0.000000 0.258819 -0.965926
vn -0.000000 0.258819 -0.965926
vn -0.000000 0.000000 -1.000000
vn -0.000000 0.000000 -1.000000
vn 0.000000 -0.258819 -0.965926
vn 0.000000 -0.258819 -0.965926
vn 0.000000 -0.500000 -0.866025
vn 0.000000 -0.500000 -0.866025
vn 0.000000 -0.707107 -0.707107
vn 0.000000 -0.707107 -0.707107
vn 0.000000 -0.866025 -0.500000
vn 0.000000 -0.866025 -0.500000
vn 0.000000 -0.965926 -0.258819
vn 0.000000 -0.965926 -0.258819
vn -0.000000 -1.000000 0.000000
vn -0.000000 -1.000000 0.000000
vn -0.000000 -0.965926 0.258819
vn -0.000000 -0.965926 0.258819
vn -0.000000 -0.866025 0.500000
vn -0.000000 -0.866025 0.500000
vn -0.000000 -0.707107 0.707107
vn -0.000000 -0.707107 0.707107
vn -0.000000 -0.500000 0.866025
vn -0.000000 -0.500000 0.866025
vn -0.000000 -0.258819 0.965926
vn -0.000000 -0.258819 0.965926
vn -0.000000 -0.000000 1.000000
vn -0.000000 -0.000000 1.000000
vn -0.000000 0.258819 0.965926
vn -0.000000 0.258819 0.965926
vn -0.000000 0.500000 0.866025
vn -0.000000 0.500000 0.866025
vn -0.000000 0.707107 0.707107
vn -0.000000 0.707107 0.707107
vn -0.000000 0.866025 0.500000
vn -0.000000 0.866025 0.500000
vn -0.000000 0.965926 0.258819
vn -0.000000 0.965926 0.258819
vn -0.000000 1.000000 -0.000000
vn -0.000000 1.000000 -0.000000
vn -0.000000 0.965926 -0.258819
vn -0.000000 0.965926 -0.258819
vn -0.000000 0.866025 -0.500000
vn -0.000000 0.866025 -0.500000
vn -0.000000 0.707107 -0.707107
vn -0.000000 0.707107 -0.707107
vn -0.000000 0.500000 -0.866025
vn -0.000000 0.500000 -0.866025
vn -0.132164 0.000000 -0.991228
vn -0.132164 -0.256549 -0.957453
vn -0.132164 -0.495614 -0.858429
vn -0.132164 -0.700904 -0.700904
vn -0.132164 -0.858429 -0.495614
vn -0.132164 -0.957453 -0.256549
vn -0.132164 -0.991228 0.000000
vn -0.132164 -0.957453 0.256549
vn -0.132164 -0.858429 0.495614
vn -0.132164 -0.700904 0.700904
vn -0.132164 -0.495614 0.858429
vn -0.132164 -0.256549 0.957453
vn -0.132164 -0.000000 0.991228
vn -0.132164 0.256549 0.957453
vn -0.132164 0.495614 0.858429
vn -0.132164 0.700904 0.700904
vn -0.132164 0.858429 0.495614
vn -0.132164 0.957453 0.256549
vn -0.132164 0.991228 -0.000000
vn -0.132164 0.957453 -0.256549
vn -0.132164 0.858429 -0.495614
vn -0.132164 0.700904 -0.700904
vn -0.132164 0.495614 -0.858429
vn -0.132164 0.256549 -0.957453
vn -0.132164 0.237216 -0.962425
vn -0.132164 -0.000000 -0.991228
vn -0.132164 -0.237216 -0.962425
vn -0.132164 0.460647 -0.877689
vn -0.132164 0.657306 -0.741945
vn -0.132164 0.815765 -0.563082
vn -0.132164 0.926814 -0.351494
vn -0.132164 0.984001 -0.119479
vn -0.132164 0.984001 0.119479
vn -0.132164 0.926814 0.351494
vn -0.132164 0.815765 0.563082
vn -0.132164 0.657306 0.741945
vn -0.132164 0.460647 0.877689
vn -0.132164 0.237216 0.962425
vn -0.132164 0.000000 0.991228
vn -0.132164 -0.237216 0.962425
vn -0.132164 -0.460647 0.877689
vn -0.132164 -0.657306 0.741945
vn -0.132164 -0.815765 0.563082
vn -0.132164 -0.926814 0.351494
vn -0.132164 -0.984001 0.119479
vn -0.132164 -0.984001 -0.119479
vn -0.132164 -0.926814 -0.351494
vn -0.132164 -0.815765 -0.563082
vn -0.132164 -0.657306 -0.741945
vn -0.132164 -0.460647 -0.877689
vn -0.000000 -0.000000 -1.000000
vn -0.000000 -0.239316 -0.970942
vn -0.000000 -0.464723 -0.885456
vn -0.000000 -0.663123 -0.748511
vn -0.000000 -0.822984 -0.568065
vn -0.000000 -0.935016 -0.354605
vn -0.000000 -0.992709 -0.120537
vn -0.000000 -0.992709 0.120537
vn -0.000000 -0.935016 0.354605
vn -0.000000 -0.822984 0.568065
vn -0.000000 -0.663123 0.748511
vn -0.000000 -0.464723 0.885456
vn -0.000000 -0.239316 0.970942
vn -0.000000 -0.000000 1.000000
vn -0.000000 0.239316 0.970942
vn -0.000000 0.464723 0.885456
vn -0.000000 0.663123 0.748511
vn -0.000000 0.822984 0.568065
vn -0.000000 0.935016 0.354605
vn -0.000000 0.992709 0.120537
vn -0.000000 0.992709 -0.120537
vn -0.000000 0.935016 -0.354605
vn -0.000000 0.822984 -0.568065
vn -0.000000 0.663123 -0.748511
vn -0.000000 0.464723 -0.885456
vn -0.000000 0.239316 -0.970942
vn -0.000000 0.239316 -0.970942
vn -0.000000 0.000000 -1.000000
vn 0.000000 -0.239316 -0.970942
vn 0.000000 -0.464723 -0.885456
vn 0.000000 -0.663123 -0.748511
vn 0.000000 -0.822984 -0.568065
vn 0.000000 -0.935016 -0.354605
vn 0.000000 -0.992709 -0.120537
vn -0.000000 -0.992709 0.120537
vn -0.000000 -0.935016 0.354605
vn -0.000000 -0.822984 0.568065
vn -0.000000 -0.663123 0.748511
vn -0.000000 -0.464723 0.885456
vn -0.000000 -0.239316 0.970942
vn -0.000000 -0.000000 1.000000
vn -0.000000 0.239316 0.970942
vn -0.000000 0.464723 0.885456
vn -0.000000 0.663123 0.748511
vn -0.000000 0.822984 0.568065
vn -0.000000 0.935016 0.354605
vn -0.000000 0.992709 0.120537
vn -0.000000 0.992709 -0.120537
vn -0.000000 0.935016 -0.354605
vn -0.000000 0.822984 -0.568065
vn -0.000000 0.663123 -0.748511
vn -0.000000 0.464723 -0.885456
vn 0.099504 0.000000 -0.995037
vn 0.099504 -0.238128 -0.966123
vn 0.099504 -0.462417 -0.881062
vn 0.099504 -0.659832 -0.744796
vn 0.099504 -0.818900 -0.565246
vn 0.099504 -0.930376 -0.352845
vn 0.099504 -0.987782 -0.119938
vn 0.099504 -0.987782 0.119938
vn 0.099504 -0.930376 0.352845
vn 0.099504 -0.818900 0.565246
vn 0.099504 -0.659832 0.744796
vn 0.099504 -0.462417 0.881062
vn 0.099504 -0.238128 0.966123
vn 0.099504 -0.000000 0.995037
vn 0.099504 0.238128 0.966123
vn 0.099504 0.462417 0.881062
vn 0.099504 0.659832 0.744796
vn 0.099504 0.818900 0.565246
vn 0.099504 0.930376 0.352845
vn 0.099504 0.987782 0.119938
vn 0.099504 0.987782 -0.119938
vn 0.099504 0.930376 -0.352845
vn 0.099504 0.818900 -0.565246
vn 0.099504 0.659832 -0.744796
vn 0.099504 0.462417 -0.881062
vn 0.099504 0.238128 -0.966123
vn 0.099504 0.000000 -0.995037
vn 0.099504 0.000000 -0.995037
vn 0.099504 0.238128 -0.966123
vn 0.099504 0.257535 -0.961132
vn 0.099504 0.462417 -0.881062
vn 0.099504 0.497519 -0.861727
vn 0.099504 0.659832 -0.744796
vn 0.099504 0.703598 -0.703598
vn 0.099504 0.818900 -0.565246
vn 0.099504 0.861727 -0.497519
vn 0.099504 0.930376 -0.352845
vn 0.099504 0.961132 -0.257535
vn 0.099504 0.987782 -0.119938
vn 0.099504 0.995037 -0.000000
vn 0.099504 0.987782 0.119938
vn 0.099504 0.961132 0.257535
vn 0.099504 0.930376 0.352845
vn 0.099504 0.861727 0.497519
vn 0.099504 0.818900 0.565246
vn 0.099504 0.703598 0.703598
vn 0.099504 0.659832 0.744796
vn 0.099504 0.497519 0.861727
vn 0.099504 0.462417 0.881062
vn 0.099504 0.257535 0.961132
vn 0.099504 0.000000 0.995037
vn 0.099504 0.000000 0.995037
vn 0.099504 -0.238128 0.966123
vn 0.099504 -0.257535 0.961132
vn 0.099504 -0.462417 0.881062
vn 0.099504 -0.497519 0.861727
vn 0.099504 -0.659832 0.744796
vn 0.099504 -0.703598 0.703598
vn 0.099504 -0.818900 0.565246
vn 0.099504 -0.861727 0.497519
vn 0.099504 -0.930376 0.352845
vn 0.099504 -0.961132 0.257535
vn 0.099504 -0.987782 0.119938
vn 0.099504 -0.995037 0.000000
vn 0.099504 -0.987782 -0.119938
vn 0.099504 -0.961132 -0.257535
vn 0.099504 -0.930376 -0.352845
vn 0.099504 -0.861727 -0.497519
vn 0.099504 -0.818900 -0.565246
vn 0.099504 -0.703598 -0.703598
vn 0.099504 -0.659832 -0.744796
vn 0.099504 -0.497519 -0.861727
vn 0.099504 -0.462417 -0.881062
vn 0.099504 -0.257535 -0.961132
vn 0.099504 0.257535 -0.961132
vn 0.148340 0.000000 -0.988936
vn 0.099504 0.000000 -0.995037
vn 0.148340 -0.255956 -0.955239
vn 0.099504 -0.257535 -0.961132
vn 0.148340 -0.494468 -0.856444
vn 0.099504 -0.497519 -0.861727
vn 0.148340 -0.699284 -0.699284
vn 0.099504 -0.703598 -0.703598
vn 0.148340 -0.856444 -0.494468
vn 0.099504 -0.861727 -0.497519
vn 0.148340 -0.955239 -0.255956
vn 0.099504 -0.961132 -0.257535
vn 0.148340 -0.988936 0.000000
vn 0.099504 -0.995037 0.000000
vn 0.148340 -0.955239 0.255956
vn 0.099504 -0.961132 0.257535
vn 0.148340 -0.856444 0.494468
vn 0.099504 -0.861727 0.497519
vn 0.148340 -0.699284 0.699284
vn 0.099504 -0.703598 0.703598
vn 0.148340 -0.494468 0.856444
vn 0.099504 -0.497519 0.861727
vn 0.148340 -0.255956 0.955239
vn 0.099504 -0.257535 0.961132
vn 0.148340 -0.000000 0.988936
vn 0.099504 -0.000000 0.995037
vn 0.148340 0.255956 0.955239
vn 0.099504 0.257535 0.961132
vn 0.148340 0.494468 0.856444
vn 0.099504 0.497519 0.861727
vn 0.148340 0.699284 0.699284
vn 0.099504 0.703598 0.703598
vn 0.148340 0.856444 0.494468
vn 0.099504 0.861727 0.497519
vn 0.148340 0.955239 0.255956
vn 0.099504 0.961132 0.257535
vn 0.148340 0.988936 -0.000000
vn 0.099504 0.995037 -0.000000
vn 0.148340 0.955239 -0.255956
vn 0.099504 0.961132 -0.257535
vn 0.148340 0.856444 -0.494468
vn 0.099504 0.861727 -0.497519
vn 0.148340 0.699284 -0.699284
vn 0.099504 0.703598 -0.703598
vn 0.148340 0.494468 -0.856444
vn 0.099504 0.497519 -0.861727
vn 0.148340 0.255956 -0.955239
vn 0.148340 0.255956 -0.955239
vn 0.148340 0.255956 -0.955239
vn 0.148340 0.000000 -0.988936
vn 0.148340 0.000000 -0.988936
vn 0.148340 -0.255956 -0.955239
vn 0.148340 -0.255956 -0.955239
vn 0.148340 -0.494468 -0.856444
vn 0.148340 -0.494468 -0.856444
vn 0.148340 -0.699284 -0.699284
vn 0.148340 -0.699284 -0.699284
vn 0.148340 -0.856444 -0.494468
vn 0.148340 -0.856444 -0.494468
vn 0.148340 -0.955239 -0.255956
vn 0.148340 -0.955239 -0.255956
vn 0.148340 -0.988936 0.000000
vn 0.148340 -0.988936 0.000000
vn 0.148340 -0.955239 0.255956
vn 0.148340 -0.955239 0.255956
vn 0.148340 -0.856444 0.494468
vn 0.148340 -0.856444 0.494468
vn 0.148340 -0.699284 0.699284
vn 0.148340 -0.699284 0.699284
vn 0.148340 -0.494468 0.856444
vn 0.148340 -0.494468 0.856444
vn 0.148340 -0.255956 0.955239
vn 0.148340 -0.255956 0.955239
vn 0.148340 -0.000000 0.988936
vn 0.148340 -0.000000 0.988936
vn 0.148340 0.255956 0.955239
vn 0.148340 0.255956 0.955239
vn 0.148340 0.494468 0.856444
vn 0.148340 0.494468 0.856444
vn 0.148340 0.699284 0.699284
vn 0.148340 0.699284 0.699284
vn 0.148340 0.856444 0.494468
vn 0.148340 0.856444 0.494468
vn 0.148340 0.955239 0.255956
vn 0.148340 0.955239 0.255956
vn 0.148340 0.988936 -0.000000
vn 0.148340 0.988936 -0.000000
vn 0.148340 0.955239 -0.255956
vn 0.148340 0.955239 -0.255956
vn 0.148340 0.856444 -0.494468
vn 0.148340 0.856444 -0.494468
vn 0.148340 0.699284 -0.699284
vn 0.148340 0.699284 -0.699284
vn 0.148340 0.494468 -0.856444
vn 0.148340 0.494468 -0.856444
usemtl Paint_-_Metallic_(Green)
f 371/849/829 417/850/830 370/851/831
f 370/851/831 417/850/830 394/852/832
f 370/853/831 394/854/832 393/855/833
f 393/855/833 394/854/832 395/856/834
f 393/855/833 395/856/834 392/857/835
f 392/857/835 395/856/834 396/858/836
f 392/857/835 396/858/836 391/859/837
f 391/859/837 396/858/836 397/860/838
f 391/859/837 397/860/838 390/861/839
f 390/861/839 397/860/838 398/862/840
f 390/861/839 398/862/840 389/863/841
f 389/863/841 398/862/840 399/864/842
f 389/863/841 399/864/842 388/865/843
f 388/865/843 399/864/842 400/866/844
f 388/865/843 400/866/844 387/867/845
f 387/867/845 400/866/844 401/868/846
f 387/867/845 401/868/846 386/869/847
f 386/869/847 401/868/846 402/870/848
f 386/869/847 402/870/848 385/871/849
f 385/871/849 402/870/848 403/872/850
f 385/871/849 403/872/850 384/873/851
f 384/873/851 403/872/850 404/874/852
f 384/873/851 404/874/852 383/875/853
f 383/875/853 404/874/852 405/876/854
f 383/875/853 405/876/854 382/877/855
f 382/877/855 405/876/854 406/878/856
f 382/877/855 406/878/856 381/879/857
f 381/879/857 406/878/856 407/880/858
f 381/879/857 407/880/858 380/881/859
f 380/881/859 407/880/858 408/882/860
f 380/881/859 408/882/860 379/883/861
f 379/883/861 408/882/860 409/884/862
f 379/883/861 409/884/862 378/885/863
f 378/885/863 409/884/862 410/886/864
f 378/885/863 410/886/864 377/887/865
f 377/887/865 410/886/864 411/888/866
f 377/887/865 411/888/866 376/889/867
f 376/889/867 411/888/866 412/890/868
f 376/889/867 412/890/868 375/891/869
f 375/891/869 412/890/868 413/892/870
f 375/891/869 413/892/870 374/893/871
f 374/893/871 413/892/870 414/894/872
f 374/893/871 414/894/872 373/895/873
f 373/895/873 414/894/872 415/896/874
f 373/895/873 415/896/874 372/897/875
f 372/897/875 415/896/874 416/898/876
f 372/897/875 416/898/876 371/849/829
f 371/849/829 416/898/876 417/850/830
f 417/899/877 442/900/878 394/901/879
f 394/901/879 442/900/878 418/902/880
f 394/903/879 418/904/880 419/905/881
f 442/900/878 417/899/877 441/906/882
f 441/906/882 417/899/877 416/907/883
f 441/906/882 416/907/883 440/908/884
f 440/908/884 416/907/883 415/909/885
f 440/908/884 415/909/885 439/910/886
f 439/910/886 415/909/885 414/911/887
f 439/910/886 414/911/887 438/912/888
f 438/912/888 414/911/887 413/913/889
f 438/912/888 413/913/889 437/914/890
f 437/914/890 413/913/889 412/915/891
f 437/914/890 412/915/891 436/916/892
f 436/916/892 412/915/891 411/917/893
f 436/916/892 411/917/893 435/918/894
f 435/918/894 411/917/893 410/919/895
f 435/918/894 410/919/895 434/920/896
f 434/920/896 410/919/895 409/921/897
f 434/920/896 409/921/897 433/922/898
f 433/922/898 409/921/897 408/923/899
f 433/922/898 408/923/899 432/924/900
f 432/924/900 408/923/899 407/925/901
f 432/924/900 407/925/901 431/926/902
f 431/926/902 407/925/901 406/927/903
f 431/926/902 406/927/903 430/928/904
f 430/928/904 406/927/903 405/929/905
f 430/928/904 405/929/905 429/930/906
f 429/930/906 405/929/905 404/931/907
f 429/930/906 404/931/907 428/932/908
f 428/932/908 404/931/907 403/933/909
f 428/932/908 403/933/909 427/934/910
f 427/934/910 403/933/909 402/935/911
f 427/934/910 402/935/911 426/936/912
f 426/936/912 402/935/911 401/937/913
f 426/936/912 401/937/913 425/938/914
f 425/938/914 401/937/913 400/939/915
f 425/938/914 400/939/915 424/940/916
f 424/940/916 400/939/915 399/941/917
f 424/940/916 399/941/917 423/942/918
f 423/942/918 399/941/917 398/943/919
f 423/942/918 398/943/919 422/944/920
f 422/944/920 398/943/919 397/945/921
f 422/944/920 397/945/921 421/946/922
f 421/946/922 397/945/921 396/947/923
f 421/946/922 396/947/923 420/948/924
f 420/948/924 396/947/923 395/949/925
f 420/948/924 395/949/925 419/905/881
f 419/905/881 395/949/925 394/903/879
f 442/950/926 467/951/927 418/952/928
f 418/952/928 467/951/927 443/953/929
f 418/954/928 443/955/929 419/956/930
f 419/956/930 443/955/929 444/957/931
f 419/956/930 444/957/931 420/958/932
f 420/958/932 444/957/931 445/959/933
f 420/958/932 445/959/933 421/960/934
f 421/960/934 445/959/933 446/961/935
f 421/960/934 446/961/935 422/962/936
f 422/962/936 446/961/935 447/963/937
f 422/962/936 447/963/937 423/964/938
f 423/964/938 447/963/937 448/965/939
f 423/964/938 448/965/939 424/966/940
f 424/966/940 448/965/939 449/967/941
f 424/966/940 449/967/941 425/968/942
f 425/968/942 449/967/941 450/969/943
f 425/968/942 450/969/943 426/970/944
f 426/970/944 450/969/943 451/971/945
f 426/970/944 451/971/945 427/972/946
f 427/972/946 451/971/945 452/973/947
f 427/972/946 452/973/947 428/974/948
f 428/974/948 452/973/947 453/975/949
f 428/974/948 453/975/949 429/976/950
f 429/976/950 453/975/949 454/977/951
f 429/976/950 454/977/951 430/978/952
f 430/978/952 454/977/951 455/979/953
f 430/978/952 455/979/953 431/980/954
f 431/980/954 455/979/953 456/981/955
f 431/980/954 456/981/955 432/982/956
f 432/982/956 456/981/955 457/983/957
f 432/982/956 457/983/957 433/984/958
f 433/984/958 457/983/957 458/985/959
f 433/984/958 458/985/959 434/986/960
f 434/986/960 458/985/959 459/987/961
f 434/986/960 459/987/961 435/988/962
f 435/988/962 459/987/961 460/989/963
f 435/988/962 460/989/963 436/990/964
f 436/990/964 460/989/963 461/991/965
f 436/990/964 461/991/965 437/992/966
f 437/992/966 461/991/965 462/993/967
f 437/992/966 462/993/967 438/994/968
f 438/994/968 462/993/967 463/995/969
f 438/994/968 463/995/969 439/996/970
f 439/996/970 463/995/969 464/997/971
f 439/996/970 464/997/971 440/998/972
f 440/998/972 464/997/971 465/999/973
f 440/998/972 465/999/973 441/1000/974
f 441/1000/974 465/999/973 466/1001/975
f 441/1000/974 466/1001/975 442/950/926
f 442/950/926 466/1001/975 467/951/927
f 469/1002/976 479/1003/977 468/1004/978
f 468/1004/978 479/1003/977 480/1005/979
f 468/1004/978 480/1005/979 491/1006/980
f 491/1006/980 480/1005/979 481/1007/981
f 491/1006/980 481/1007/981 490/1008/982
f 490/1008/982 481/1007/981 482/1009/983
f 490/1008/982 482/1009/983 489/1010/984
f 489/1010/984 482/1009/983 483/1011/985
f 489/1010/984 483/1011/985 488/1012/986
f 488/1012/986 483/1011/985 484/1013/987
f 488/1012/986 484/1013/987 487/1014/988
f 487/1014/988 484/1013/987 485/1015/989
f 487/1014/988 485/1015/989 486/1016/990
f 479/1003/977 469/1002/976 478/1017/991
f 478/1017/991 469/1002/976 470/1018/992
f 478/1017/991 470/1018/992 477/1019/993
f 477/1019/993 470/1018/992 471/1020/994
f 477/1019/993 471/1020/994 476/1021/995
f 476/1021/995 471/1020/994 472/1022/996
f 476/1021/995 472/1022/996 475/1023/997
f 475/1023/997 472/1022/996 473/1024/998
f 475/1023/997 473/1024/998 474/1025/999
f 491/1026/1000 503/1027/1001 468/1028/1002
f 468/1028/1002 503/1027/1001 504/1029/1003
f 468/1030/1002 504/1031/1003 469/1032/1004
f 469/1032/1004 504/1031/1003 505/1033/1005
f 469/1032/1004 505/1033/1005 470/1034/1006
f 470/1034/1006 505/1033/1005 506/1035/1007
f 470/1034/1006 506/1035/1007 471/1036/1008
f 471/1036/1008 506/1035/1007 507/1037/1009
f 471/1036/1008 507/1037/1009 472/1038/1010
f 472/1038/1010 507/1037/1009 508/1039/1011
f 472/1038/1010 508/1039/1011 473/1040/1012
f 473/1040/1012 508/1039/1011 509/1041/1013
f 473/1040/1012 509/1041/1013 474/1042/1014
f 474/1042/1014 509/1041/1013 510/1043/1015
f 474/1042/1014 510/1043/1015 475/1044/1016
f 475/1044/1016 510/1043/1015 511/1045/1017
f 475/1044/1016 511/1045/1017 476/1046/1018
f 476/1046/1018 511/1045/1017 512/1047/1019
f 476/1046/1018 512/1047/1019 477/1048/1020
f 477/1048/1020 512/1047/1019 513/1049/1021
f 477/1048/1020 513/1049/1021 478/1050/1022
f 478/1050/1022 513/1049/1021 514/1051/1023
f 478/1050/1022 514/1051/1023 479/1052/1024
f 479/1052/1024 514/1051/1023 515/1053/1025
f 479/1052/1024 515/1053/1025 480/1054/1026
f 480/1054/1026 515/1053/1025 492/1055/1027
f 480/1054/1026 492/1055/1027 481/1056/1028
f 481/1056/1028 492/1055/1027 493/1057/1029
f 481/1056/1028 493/1057/1029 482/1058/1030
f 482/1058/1030 493/1057/1029 494/1059/1031
f 482/1058/1030 494/1059/1031 483/1060/1032
f 483/1060/1032 494/1059/1031 495/1061/1033
f 483/1060/1032 495/1061/1033 484/1062/1034
f 484/1062/1034 495/1061/1033 496/1063/1035
f 484/1062/1034 496/1063/1035 485/1064/1036
f 485/1064/1036 496/1063/1035 497/1065/1037
f 485/1064/1036 497/1065/1037 486/1066/1038
f 486/1066/1038 497/1065/1037 498/1067/1039
f 486/1066/1038 498/1067/1039 487/1068/1040
f 487/1068/1040 498/1067/1039 499/1069/1041
f 487/1068/1040 499/1069/1041 488/1070/1042
f 488/1070/1042 499/1069/1041 500/1071/1043
f 488/1070/1042 500/1071/1043 489/1072/1044
f 489/1072/1044 500/1071/1043 501/1073/1045
f 489/1072/1044 501/1073/1045 490/1074/1046
f 490/1074/1046 501/1073/1045 502/1075/1047
f 490/1074/1046 502/1075/1047 491/1026/1000
f 491/1026/1000 502/1075/1047 503/1027/1001
f 515/1076/1025 539/1077/1048 492/1078/1027
f 492/1078/1027 539/1077/1048 516/1079/1049
f 492/1078/1027 516/1079/1049 493/1080/1029
f 493/1080/1029 516/1079/1049 517/1081/1050
f 493/1080/1029 517/1081/1050 494/1082/1031
f 494/1082/1031 517/1081/1050 518/1083/1051
f 494/1082/1031 518/1083/1051 495/1084/1033
f 495/1084/1033 518/1083/1051 519/1085/1052
f 495/1084/1033 519/1085/1052 496/1086/1035
f 496/1086/1035 519/1085/1052 520/1087/1053
f 496/1086/1035 520/1087/1053 497/1088/1037
f 497/1088/1037 520/1087/1053 521/1089/1054
f 497/1088/1037 521/1089/1054 498/1090/1039
f 498/1090/1039 521/1089/1054 522/1091/1055
f 498/1090/1039 522/1091/1055 499/1092/1041
f 499/1092/1041 522/1091/1055 523/1093/1056
f 499/1092/1041 523/1093/1056 500/1094/1043
f 500/1094/1043 523/1093/1056 524/1095/1057
f 500/1094/1043 524/1095/1057 501/1096/1045
f 501/1096/1045 524/1095/1057 525/1097/1058
f 501/1096/1045 525/1097/1058 502/1098/1047
f 502/1098/1047 525/1097/1058 526/1099/1059
f 502/1098/1047 526/1099/1059 503/1100/1001
f 503/1100/1001 526/1099/1059 527/1101/1060
f 503/1100/1001 527/1101/1060 504/1102/1003
f 504/1102/1003 527/1101/1060 528/1103/1061
f 504/1104/1003 528/1105/1061 505/1106/1005
f 505/1106/1005 528/1105/1061 529/1107/1062
f 505/1106/1005 529/1107/1062 506/1108/1007
f 506/1108/1007 529/1107/1062 530/1109/1063
f 506/1108/1007 530/1109/1063 507/1110/1009
f 507/1110/1009 530/1109/1063 531/1111/1064
f 507/1110/1009 531/1111/1064 508/1112/1011
f 508/1112/1011 531/1111/1064 532/1113/1065
f 508/1112/1011 532/1113/1065 509/1114/1013
f 509/1114/1013 532/1113/1065 533/1115/1066
f 509/1114/1013 533/1115/1066 510/1116/1015
f 510/1116/1015 533/1115/1066 534/1117/1067
f 510/1116/1015 534/1117/1067 511/1118/1017
f 511/1118/1017 534/1117/1067 535/1119/1068
f 511/1118/1017 535/1119/1068 512/1120/1019
f 512/1120/1019 535/1119/1068 536/1121/1069
f 512/1120/1019 536/1121/1069 513/1122/1021
f 513/1122/1021 536/1121/1069 537/1123/1070
f 513/1122/1021 537/1123/1070 514/1124/1023
f 514/1124/1023 537/1123/1070 538/1125/1071
f 514/1124/1023 538/1125/1071 515/1076/1025
f 515/1076/1025 538/1125/1071 539/1077/1048
f 444/1126/1072 443/1127/1073 528/1128/1061
f 528/1129/1061 443/1130/1073 467/1131/1074
f 528/1129/1061 467/1131/1074 529/1132/1062
f 529/1132/1062 467/1131/1074 466/1133/1075
f 529/1132/1062 466/1133/1075 530/1134/1063
f 530/1134/1063 466/1133/1075 465/1135/1076
f 530/1134/1063 465/1135/1076 531/1136/1064
f 531/1136/1064 465/1135/1076 464/1137/1077
f 531/1136/1064 464/1137/1077 532/1138/1065
f 532/1138/1065 464/1137/1077 463/1139/1078
f 532/1138/1065 463/1139/1078 533/1140/1066
f 533/1140/1066 463/1139/1078 462/1141/1079
f 533/1140/1066 462/1141/1079 534/1142/1067
f 534/1142/1067 462/1141/1079 461/1143/1080
f 534/1142/1067 461/1143/1080 535/1144/1068
f 535/1144/1068 461/1143/1080 460/1145/1081
f 535/1144/1068 460/1145/1081 536/1146/1069
f 536/1146/1069 460/1145/1081 459/1147/1082
f 536/1146/1069 459/1147/1082 537/1148/1070
f 537/1148/1070 459/1147/1082 458/1149/1083
f 537/1148/1070 458/1149/1083 538/1150/1071
f 538/1150/1071 458/1149/1083 457/1151/1084
f 538/1150/1071 457/1151/1084 539/1152/1048
f 539/1152/1048 457/1151/1084 456/1153/1085
f 539/1152/1048 456/1153/1085 516/1154/1049
f 516/1154/1049 456/1153/1085 455/1155/1086
f 516/1154/1049 455/1155/1086 517/1156/1050
f 517/1156/1050 455/1155/1086 454/1157/1087
f 517/1156/1050 454/1157/1087 518/1158/1051
f 518/1158/1051 454/1157/1087 453/1159/1088
f 518/1158/1051 453/1159/1088 519/1160/1052
f 519/1160/1052 453/1159/1088 452/1161/1089
f 519/1160/1052 452/1161/1089 520/1162/1053
f 520/1162/1053 452/1161/1089 451/1163/1090
f 520/1162/1053 451/1163/1090 521/1164/1054
f 521/1164/1054 451/1163/1090 450/1165/1091
f 521/1164/1054 450/1165/1091 522/1166/1055
f 522/1166/1055 450/1165/1091 449/1167/1092
f 522/1166/1055 449/1167/1092 523/1168/1056
f 523/1168/1056 449/1167/1092 448/1169/1093
f 523/1168/1056 448/1169/1093 524/1170/1057
f 524/1170/1057 448/1169/1093 447/1171/1094
f 524/1170/1057 447/1171/1094 525/1172/1058
f 525/1172/1058 447/1171/1094 446/1173/1095
f 525/1172/1058 446/1173/1095 526/1174/1059
f 526/1174/1059 446/1173/1095 445/1175/1096
f 526/1174/1059 445/1175/1096 527/1176/1060
f 527/1176/1060 445/1175/1096 444/1126/1072
f 527/1176/1060 444/1126/1072 528/1128/1061
f 371/1177/1097 370/1178/1098 552/1179/1099
f 552/1179/1099 370/1178/1098 393/1180/1100
f 552/1179/1099 393/1180/1100 551/1181/1101
f 551/1181/1101 393/1180/1100 392/1182/1102
f 551/1181/1101 392/1182/1102 550/1183/1103
f 550/1183/1103 392/1182/1102 391/1184/1104
f 550/1183/1103 391/1184/1104 549/1185/1105
f 549/1185/1105 391/1184/1104 390/1186/1106
f 549/1185/1105 390/1186/1106 548/1187/1107
f 548/1187/1107 390/1186/1106 389/1188/1108
f 548/1187/1107 389/1188/1108 547/1189/1109
f 547/1189/1109 389/1188/1108 388/1190/1110
f 547/1189/1109 388/1190/1110 546/1191/1111
f 546/1191/1111 388/1190/1110 545/1192/1112
f 545/1192/1112 388/1190/1110 387/1193/1113
f 545/1192/1112 387/1193/1113 544/1194/1114
f 544/1194/1114 387/1193/1113 386/1195/1115
f 544/1194/1114 386/1195/1115 543/1196/1116
f 543/1196/1116 386/1195/1115 385/1197/1117
f 543/1196/1116 385/1197/1117 542/1198/1118
f 542/1198/1118 385/1197/1117 384/1199/1119
f 542/1198/1118 384/1199/1119 541/1200/1120
f 541/1200/1120 384/1199/1119 383/1201/1121
f 541/1200/1120 383/1201/1121 540/1202/1122
f 540/1202/1122 383/1201/1121 382/1203/1123
f 540/1202/1122 382/1203/1123 563/1204/1124
f 563/1204/1124 382/1203/1123 381/1205/1125
f 563/1204/1124 381/1205/1125 380/1206/1126
f 563/1204/1124 380/1206/1126 562/1207/1127
f 562/1207/1127 380/1206/1126 379/1208/1128
f 562/1207/1127 379/1208/1128 561/1209/1129
f 561/1209/1129 379/1208/1128 378/1210/1130
f 561/1209/1129 378/1210/1130 560/1211/1131
f 560/1211/1131 378/1210/1130 377/1212/1132
f 560/1211/1131 377/1212/1132 559/1213/1133
f 559/1213/1133 377/1212/1132 376/1214/1134
f 559/1213/1133 376/1214/1134 558/1215/1135
f 558/1215/1135 376/1214/1134 557/1216/1136
f 557/1216/1136 376/1214/1134 375/1217/1137
f 557/1216/1136 375/1217/1137 556/1218/1138
f 556/1218/1138 375/1217/1137 374/1219/1139
f 556/1218/1138 374/1219/1139 555/1220/1140
f 555/1220/1140 374/1219/1139 373/1221/1141
f 555/1220/1140 373/1221/1141 554/1222/1142
f 554/1222/1142 373/1221/1141 372/1223/1143
f 554/1222/1142 372/1223/1143 553/1224/1144
f 553/1224/1144 372/1223/1143 371/1177/1097
f 553/1224/1144 371/1177/1097 552/1179/1099
f 565/1225/1145 575/1226/1146 564/1227/1147
f 564/1227/1147 575/1226/1146 576/1228/1148
f 564/1227/1147 576/1228/1148 587/1229/1149
f 587/1229/1149 576/1228/1148 577/1230/1150
f 587/1229/1149 577/1230/1150 586/1231/1151
f 586/1231/1151 577/1230/1150 578/1232/1152
f 586/1231/1151 578/1232/1152 585/1233/1153
f 585/1233/1153 578/1232/1152 579/1234/1154
f 585/1233/1153 579/1234/1154 584/1235/1155
f 584/1235/1155 579/1234/1154 580/1236/1156
f 584/1235/1155 580/1236/1156 583/1237/1157
f 583/1237/1157 580/1236/1156 581/1238/1158
f 583/1237/1157 581/1238/1158 582/1239/1159
f 575/1226/1146 565/1225/1145 574/1240/1160
f 574/1240/1160 565/1225/1145 566/1241/1161
f 574/1240/1160 566/1241/1161 573/1242/1162
f 573/1242/1162 566/1241/1161 567/1243/1163
f 573/1242/1162 567/1243/1163 572/1244/1164
f 572/1244/1164 567/1243/1163 568/1245/1165
f 572/1244/1164 568/1245/1165 571/1246/1166
f 571/1246/1166 568/1245/1165 569/1247/1167
f 571/1246/1166 569/1247/1167 570/1248/1168
f 587/1249/1169 611/1250/1170 564/1251/1171
f 564/1251/1171 611/1250/1170 588/1252/1172
f 564/1251/1171 588/1252/1172 565/1253/1173
f 565/1253/1173 588/1252/1172 589/1254/1174
f 565/1253/1173 589/1254/1174 566/1255/1175
f 566/1255/1175 589/1254/1174 590/1256/1176
f 566/1255/1175 590/1256/1176 567/1257/1177
f 567/1257/1177 590/1256/1176 591/1258/1178
f 567/1257/1177 591/1258/1178 568/1259/1179
f 568/1259/1179 591/1258/1178 592/1260/1180
f 568/1259/1179 592/1260/1180 569/1261/1181
f 569/1261/1181 592/1260/1180 593/1262/1182
f 569/1261/1181 593/1262/1182 570/1263/1183
f 570/1263/1183 593/1262/1182 594/1264/1184
f 570/1263/1183 594/1264/1184 571/1265/1185
f 571/1265/1185 594/1264/1184 595/1266/1186
f 571/1265/1185 595/1266/1186 572/1267/1187
f 572/1267/1187 595/1266/1186 596/1268/1188
f 572/1267/1187 596/1268/1188 573/1269/1189
f 573/1269/1189 596/1268/1188 597/1270/1190
f 573/1269/1189 597/1270/1190 574/1271/1191
f 574/1271/1191 597/1270/1190 598/1272/1192
f 574/1271/1191 598/1272/1192 575/1273/1193
f 575/1273/1193 598/1272/1192 599/1274/1194
f 575/1273/1193 599/1274/1194 576/1275/1195
f 576/1275/1195 599/1274/1194 600/1276/1196
f 576/1277/1195 600/1278/1196 577/1279/1197
f 577/1279/1197 600/1278/1196 601/1280/1198
f 577/1279/1197 601/1280/1198 578/1281/1199
f 578/1281/1199 601/1280/1198 602/1282/1200
f 578/1281/1199 602/1282/1200 579/1283/1201
f 579/1283/1201 602/1282/1200 603/1284/1202
f 579/1283/1201 603/1284/1202 580/1285/1203
f 580/1285/1203 603/1284/1202 604/1286/1204
f 580/1285/1203 604/1286/1204 581/1287/1205
f 581/1287/1205 604/1286/1204 605/1288/1206
f 581/1287/1205 605/1288/1206 582/1289/1207
f 582/1289/1207 605/1288/1206 606/1290/1208
f 582/1289/1207 606/1290/1208 583/1291/1209
f 583/1291/1209 606/1290/1208 607/1292/1210
f 583/1291/1209 607/1292/1210 584/1293/1211
f 584/1293/1211 607/1292/1210 608/1294/1212
f 584/1293/1211 608/1294/1212 585/1295/1213
f 585/1295/1213 608/1294/1212 609/1296/1214
f 585/1295/1213 609/1296/1214 586/1297/1215
f 586/1297/1215 609/1296/1214 610/1298/1216
f 586/1297/1215 610/1298/1216 587/1249/1169
f 587/1249/1169 610/1298/1216 611/1250/1170
f 611/1299/1170 612/1300/1217 588/1301/1172
f 588/1301/1172 612/1300/1217 613/1302/1218
f 588/1301/1172 613/1302/1218 589/1303/1174
f 589/1303/1174 613/1302/1218 614/1304/1219
f 589/1303/1174 614/1304/1219 590/1305/1176
f 590/1305/1176 614/1304/1219 615/1306/1220
f 590/1305/1176 615/1306/1220 591/1307/1178
f 591/1307/1178 615/1306/1220 616/1308/1221
f 591/1307/1178 616/1308/1221 592/1309/1180
f 592/1309/1180 616/1308/1221 617/1310/1222
f 592/1309/1180 617/1310/1222 593/1311/1182
f 593/1311/1182 617/1310/1222 618/1312/1223
f 593/1311/1182 618/1312/1223 594/1313/1184
f 594/1313/1184 618/1312/1223 619/1314/1224
f 594/1313/1184 619/1314/1224 595/1315/1186
f 595/1315/1186 619/1314/1224 620/1316/1225
f 595/1315/1186 620/1316/1225 596/1317/1188
f 596/1317/1188 620/1316/1225 621/1318/1226
f 596/1317/1188 621/1318/1226 597/1319/1190
f 597/1319/1190 621/1318/1226 622/1320/1227
f 597/1319/1190 622/1320/1227 598/1321/1192
f 598/1321/1192 622/1320/1227 623/1322/1228
f 598/1321/1192 623/1322/1228 599/1323/1194
f 599/1323/1194 623/1322/1228 624/1324/1229
f 599/1323/1194 624/1324/1229 600/1325/1196
f 600/1326/1196 624/1327/1229 625/1328/1230
f 600/1326/1196 625/1328/1230 601/1329/1198
f 601/1329/1198 625/1328/1230 626/1330/1231
f 601/1329/1198 626/1330/1231 602/1331/1200
f 602/1331/1200 626/1330/1231 627/1332/1232
f 602/1331/1200 627/1332/1232 603/1333/1202
f 603/1333/1202 627/1332/1232 628/1334/1233
f 603/1333/1202 628/1334/1233 604/1335/1204
f 604/1335/1204 628/1334/1233 629/1336/1234
f 604/1335/1204 629/1336/1234 605/1337/1206
f 605/1337/1206 629/1336/1234 630/1338/1235
f 605/1337/1206 630/1338/1235 606/1339/1208
f 606/1339/1208 630/1338/1235 631/1340/1236
f 606/1339/1208 631/1340/1236 607/1341/1210
f 607/1341/1210 631/1340/1236 632/1342/1237
f 607/1341/1210 632/1342/1237 608/1343/1212
f 608/1343/1212 632/1342/1237 633/1344/1238
f 608/1343/1212 633/1344/1238 609/1345/1214
f 609/1345/1214 633/1344/1238 634/1346/1239
f 609/1345/1214 634/1346/1239 610/1347/1216
f 610/1347/1216 634/1346/1239 635/1348/1240
f 610/1347/1216 635/1348/1240 611/1299/1170
f 611/1299/1170 635/1348/1240 612/1300/1217
f 635/1349/1240 661/1350/1241 612/1351/1217
f 612/1351/1217 661/1350/1241 636/1352/1242
f 612/1351/1217 636/1352/1242 637/1353/1243
f 661/1350/1241 635/1349/1240 660/1354/1244
f 660/1354/1244 635/1349/1240 634/1355/1239
f 660/1354/1244 634/1355/1239 659/1356/1245
f 659/1356/1245 634/1355/1239 633/1357/1238
f 659/1356/1245 633/1357/1238 658/1358/1246
f 658/1358/1246 633/1357/1238 632/1359/1237
f 658/1358/1246 632/1359/1237 657/1360/1247
f 657/1360/1247 632/1359/1237 631/1361/1236
f 657/1360/1247 631/1361/1236 656/1362/1248
f 656/1362/1248 631/1361/1236 630/1363/1235
f 656/1362/1248 630/1363/1235 655/1364/1249
f 655/1364/1249 630/1363/1235 629/1365/1234
f 655/1364/1249 629/1365/1234 654/1366/1250
f 654/1366/1250 629/1365/1234 628/1367/1233
f 654/1366/1250 628/1367/1233 653/1368/1251
f 653/1368/1251 628/1367/1233 627/1369/1232
f 653/1368/1251 627/1369/1232 652/1370/1252
f 652/1370/1252 627/1369/1232 626/1371/1231
f 652/1370/1252 626/1371/1231 651/1372/1253
f 651/1372/1253 626/1371/1231 625/1373/1230
f 651/1372/1253 625/1373/1230 650/1374/1254
f 650/1374/1254 625/1373/1230 624/1375/1229
f 650/1374/1254 624/1375/1229 649/1376/1255
f 649/1377/1255 624/1378/1229 648/1379/1256
f 648/1379/1256 624/1378/1229 623/1380/1228
f 648/1379/1256 623/1380/1228 647/1381/1257
f 647/1381/1257 623/1380/1228 622/1382/1227
f 647/1381/1257 622/1382/1227 646/1383/1258
f 646/1383/1258 622/1382/1227 621/1384/1226
f 646/1383/1258 621/1384/1226 645/1385/1259
f 645/1385/1259 621/1384/1226 620/1386/1225
f 645/1385/1259 620/1386/1225 644/1387/1260
f 644/1387/1260 620/1386/1225 619/1388/1224
f 644/1387/1260 619/1388/1224 643/1389/1261
f 643/1389/1261 619/1388/1224 618/1390/1223
f 643/1389/1261 618/1390/1223 642/1391/1262
f 642/1391/1262 618/1390/1223 617/1392/1222
f 642/1391/1262 617/1392/1222 641/1393/1263
f 641/1393/1263 617/1392/1222 616/1394/1221
f 641/1393/1263 616/1394/1221 640/1395/1264
f 640/1395/1264 616/1394/1221 615/1396/1220
f 640/1395/1264 615/1396/1220 639/1397/1265
f 639/1397/1265 615/1396/1220 614/1398/1219
f 639/1397/1265 614/1398/1219 638/1399/1266
f 638/1399/1266 614/1398/1219 613/1400/1218
f 638/1399/1266 613/1400/1218 637/1353/1243
f 637/1353/1243 613/1400/1218 612/1351/1217
f 661/1401/1241 662/1402/1267 636/1403/1242
f 636/1403/1242 662/1402/1267 663/1404/1268
f 636/1403/1242 663/1404/1268 637/1405/1243
f 637/1405/1243 663/1404/1268 664/1406/1269
f 637/1405/1243 664/1406/1269 638/1407/1266
f 638/1407/1266 664/1406/1269 665/1408/1270
f 638/1407/1266 665/1408/1270 639/1409/1265
f 639/1409/1265 665/1408/1270 666/1410/1271
f 639/1409/1265 666/1410/1271 640/1411/1264
f 640/1411/1264 666/1410/1271 667/1412/1272
f 640/1411/1264 667/1412/1272 641/1413/1263
f 641/1413/1263 667/1412/1272 668/1414/1273
f 641/1413/1263 668/1414/1273 642/1415/1262
f 642/1415/1262 668/1414/1273 669/1416/1274
f 642/1415/1262 669/1416/1274 643/1417/1261
f 643/1417/1261 669/1416/1274 670/1418/1275
f 643/1417/1261 670/1418/1275 644/1419/1260
f 644/1419/1260 670/1418/1275 671/1420/1276
f 644/1419/1260 671/1420/1276 645/1421/1259
f 645/1421/1259 671/1420/1276 672/1422/1277
f 645/1421/1259 672/1422/1277 646/1423/1258
f 646/1423/1258 672/1422/1277 673/1424/1278
f 646/1423/1258 673/1424/1278 647/1425/1257
f 647/1425/1257 673/1424/1278 674/1426/1279
f 647/1425/1257 674/1426/1279 648/1427/1256
f 648/1427/1256 674/1426/1279 675/1428/1280
f 648/1427/1256 675/1428/1280 649/1429/1255
f 649/1430/1255 675/1431/1280 676/1432/1281
f 649/1430/1255 676/1432/1281 650/1433/1254
f 650/1433/1254 676/1432/1281 677/1434/1282
f 650/1433/1254 677/1434/1282 651/1435/1253
f 651/1435/1253 677/1434/1282 678/1436/1283
f 651/1435/1253 678/1436/1283 652/1437/1252
f 652/1437/1252 678/1436/1283 679/1438/1284
f 652/1437/1252 679/1438/1284 653/1439/1251
f 653/1439/1251 679/1438/1284 680/1440/1285
f 653/1439/1251 680/1440/1285 654/1441/1250
f 654/1441/1250 680/1440/1285 681/1442/1286
f 654/1441/1250 681/1442/1286 655/1443/1249
f 655/1443/1249 681/1442/1286 682/1444/1287
f 655/1443/1249 682/1444/1287 656/1445/1248
f 656/1445/1248 682/1444/1287 683/1446/1288
f 656/1445/1248 683/1446/1288 657/1447/1247
f 657/1447/1247 683/1446/1288 684/1448/1289
f 657/1447/1247 684/1448/1289 658/1449/1246
f 658/1449/1246 684/1448/1289 685/1450/1290
f 658/1449/1246 685/1450/1290 659/1451/1245
f 659/1451/1245 685/1450/1290 686/1452/1291
f 659/1451/1245 686/1452/1291 660/1453/1244
f 660/1453/1244 686/1452/1291 687/1454/1292
f 660/1453/1244 687/1454/1292 661/1401/1241
f 661/1401/1241 687/1454/1292 662/1402/1267
f 687/1455/1292 713/1456/1293 662/1457/1267
f 662/1457/1267 713/1456/1293 688/1458/1294
f 662/1457/1267 688/1458/1294 663/1459/1268
f 663/1459/1268 688/1458/1294 689/1460/1295
f 663/1459/1268 689/1460/1295 664/1461/1269
f 664/1461/1269 689/1460/1295 690/1462/1296
f 664/1461/1269 690/1462/1296 665/1463/1270
f 665/1463/1270 690/1462/1296 691/1464/1297
f 665/1463/1270 691/1464/1297 666/1465/1271
f 666/1465/1271 691/1464/1297 692/1466/1298
f 666/1465/1271 692/1466/1298 667/1467/1272
f 667/1467/1272 692/1466/1298 693/1468/1299
f 667/1467/1272 693/1468/1299 668/1469/1273
f 668/1469/1273 693/1468/1299 694/1470/1300
f 668/1469/1273 694/1470/1300 669/1471/1274
f 669/1471/1274 694/1470/1300 695/1472/1301
f 669/1471/1274 695/1472/1301 670/1473/1275
f 670/1473/1275 695/1472/1301 696/1474/1302
f 670/1473/1275 696/1474/1302 671/1475/1276
f 671/1475/1276 696/1474/1302 697/1476/1303
f 671/1475/1276 697/1476/1303 672/1477/1277
f 672/1477/1277 697/1476/1303 698/1478/1304
f 672/1477/1277 698/1478/1304 673/1479/1278
f 673/1479/1278 698/1478/1304 699/1480/1305
f 673/1479/1278 699/1480/1305 674/1481/1279
f 674/1481/1279 699/1480/1305 700/1482/1306
f 674/1481/1279 700/1482/1306 675/1483/1280
f 675/1483/1280 700/1482/1306 701/1484/1307
f 675/1485/1280 701/1486/1307 676/1487/1281
f 676/1487/1281 701/1486/1307 702/1488/1308
f 676/1487/1281 702/1488/1308 677/1489/1282
f 677/1489/1282 702/1488/1308 703/1490/1309
f 677/1489/1282 703/1490/1309 678/1491/1283
f 678/1491/1283 703/1490/1309 704/1492/1310
f 678/1491/1283 704/1492/1310 679/1493/1284
f 679/1493/1284 704/1492/1310 705/1494/1311
f 679/1493/1284 705/1494/1311 680/1495/1285
f 680/1495/1285 705/1494/1311 706/1496/1312
f 680/1495/1285 706/1496/1312 681/1497/1286
f 681/1497/1286 706/1496/1312 707/1498/1313
f 681/1497/1286 707/1498/1313 682/1499/1287
f 682/1499/1287 707/1498/1313 708/1500/1314
f 682/1499/1287 708/1500/1314 683/1501/1288
f 683/1501/1288 708/1500/1314 709/1502/1315
f 683/1501/1288 709/1502/1315 684/1503/1289
f 684/1503/1289 709/1502/1315 710/1504/1316
f 684/1503/1289 710/1504/1316 685/1505/1290
f 685/1505/1290 710/1504/1316 711/1506/1317
f 685/1505/1290 711/1506/1317 686/1507/1291
f 686/1507/1291 711/1506/1317 712/1508/1318
f 686/1507/1291 712/1508/1318 687/1455/1292
f 687/1455/1292 712/1508/1318 713/1456/1293
f 713/1509/1293 714/1510/1319 688/1511/1294
f 688/1511/1294 714/1510/1319 715/1512/1320
f 688/1511/1294 715/1512/1320 689/1513/1295
f 689/1513/1295 715/1512/1320 716/1514/1321
f 689/1513/1295 716/1514/1321 690/1515/1296
f 690/1515/1296 716/1514/1321 717/1516/1322
f 690/1515/1296 717/1516/1322 691/1517/1297
f 691/1517/1297 717/1516/1322 718/1518/1323
f 691/1517/1297 718/1518/1323 692/1519/1298
f 692/1519/1298 718/1518/1323 719/1520/1324
f 692/1519/1298 719/1520/1324 693/1521/1299
f 693/1521/1299 719/1520/1324 720/1522/1325
f 693/1521/1299 720/1522/1325 694/1523/1300
f 694/1523/1300 720/1522/1325 721/1524/1326
f 694/1523/1300 721/1524/1326 695/1525/1301
f 695/1525/1301 721/1524/1326 722/1526/1327
f 695/1525/1301 722/1526/1327 696/1527/1302
f 696/1527/1302 722/1526/1327 723/1528/1328
f 696/1527/1302 723/1528/1328 697/1529/1303
f 697/1529/1303 723/1528/1328 724/1530/1329
f 697/1529/1303 724/1530/1329 698/1531/1304
f 698/1531/1304 724/1530/1329 725/1532/1330
f 698/1531/1304 725/1532/1330 699/1533/1305
f 699/1533/1305 725/1532/1330 726/1534/1331
f 699/1533/1305 726/1534/1331 700/1535/1306
f 700/1535/1306 726/1534/1331 727/1536/1332
f 700/1535/1306 727/1536/1332 701/1537/1307
f 701/1538/1307 727/1539/1332 728/1540/1333
f 701/1538/1307 728/1540/1333 702/1541/1308
f 702/1541/1308 728/1540/1333 729/1542/1334
f 702/1541/1308 729/1542/1334 703/1543/1309
f 703/1543/1309 729/1542/1334 730/1544/1335
f 703/1543/1309 730/1544/1335 704/1545/1310
f 704/1545/1310 730/1544/1335 731/1546/1336
f 704/1545/1310 731/1546/1336 705/1547/1311
f 705/1547/1311 731/1546/1336 732/1548/1337
f 705/1547/1311 732/1548/1337 706/1549/1312
f 706/1549/1312 732/1548/1337 733/1550/1338
f 706/1549/1312 733/1550/1338 707/1551/1313
f 707/1551/1313 733/1550/1338 734/1552/1339
f 707/1551/1313 734/1552/1339 708/1553/1314
f 708/1553/1314 734/1552/1339 735/1554/1340
f 708/1553/1314 735/1554/1340 709/1555/1315
f 709/1555/1315 735/1554/1340 736/1556/1341
f 709/1555/1315 736/1556/1341 710/1557/1316
f 710/1557/1316 736/1556/1341 737/1558/1342
f 710/1557/1316 737/1558/1342 711/1559/1317
f 711/1559/1317 737/1558/1342 738/1560/1343
f 711/1559/1317 738/1560/1343 712/1561/1318
f 712/1561/1318 738/1560/1343 739/1562/1344
f 712/1561/1318 739/1562/1344 713/1509/1293
f 713/1509/1293 739/1562/1344 714/1510/1319
f 715/1563/1320 714/1564/1345 740/1565/1346
f 740/1565/1346 714/1564/1345 739/1566/1347
f 740/1565/1346 739/1566/1347 763/1567/1348
f 763/1567/1348 739/1566/1347 738/1568/1349
f 763/1567/1348 738/1568/1349 762/1569/1350
f 762/1569/1350 738/1568/1349 737/1570/1351
f 762/1569/1350 737/1570/1351 761/1571/1352
f 761/1571/1352 737/1570/1351 736/1572/1353
f 761/1571/1352 736/1572/1353 760/1573/1354
f 760/1573/1354 736/1572/1353 735/1574/1355
f 760/1573/1354 735/1574/1355 759/1575/1356
f 759/1575/1356 735/1574/1355 734/1576/1357
f 759/1575/1356 734/1576/1357 758/1577/1358
f 758/1577/1358 734/1576/1357 733/1578/1359
f 758/1577/1358 733/1578/1359 757/1579/1360
f 757/1579/1360 733/1578/1359 732/1580/1361
f 757/1579/1360 732/1580/1361 756/1581/1362
f 756/1581/1362 732/1580/1361 731/1582/1363
f 756/1581/1362 731/1582/1363 755/1583/1364
f 755/1583/1364 731/1582/1363 730/1584/1365
f 755/1583/1364 730/1584/1365 754/1585/1366
f 754/1585/1366 730/1584/1365 729/1586/1367
f 754/1585/1366 729/1586/1367 753/1587/1368
f 753/1587/1368 729/1586/1367 728/1588/1333
f 753/1587/1368 728/1588/1333 752/1589/1369
f 752/1589/1369 728/1588/1333 727/1590/1370
f 752/1591/1369 727/1592/1370 726/1593/1371
f 752/1591/1369 726/1593/1371 751/1594/1372
f 751/1594/1372 726/1593/1371 725/1595/1373
f 751/1594/1372 725/1595/1373 750/1596/1374
f 750/1596/1374 725/1595/1373 724/1597/1375
f 750/1596/1374 724/1597/1375 749/1598/1376
f 749/1598/1376 724/1597/1375 723/1599/1377
f 749/1598/1376 723/1599/1377 748/1600/1378
f 748/1600/1378 723/1599/1377 722/1601/1379
f 748/1600/1378 722/1601/1379 747/1602/1380
f 747/1602/1380 722/1601/1379 721/1603/1381
f 747/1602/1380 721/1603/1381 746/1604/1382
f 746/1604/1382 721/1603/1381 720/1605/1383
f 746/1604/1382 720/1605/1383 745/1606/1384
f 745/1606/1384 720/1605/1383 719/1607/1385
f 745/1606/1384 719/1607/1385 744/1608/1386
f 744/1608/1386 719/1607/1385 718/1609/1387
f 744/1608/1386 718/1609/1387 743/1610/1388
f 743/1610/1388 718/1609/1387 717/1611/1389
f 743/1610/1388 717/1611/1389 742/1612/1390
f 742/1612/1390 717/1611/1389 716/1613/1391
f 742/1612/1390 716/1613/1391 741/1614/1392
f 741/1614/1392 716/1613/1391 715/1563/1320
f 741/1614/1392 715/1563/1320 740/1565/1346
f 763/1615/1393 764/1616/1394 740/1617/1395
f 740/1617/1395 764/1616/1394 765/1618/1396
f 740/1617/1395 765/1618/1396 741/1619/1397
f 741/1619/1397 765/1618/1396 766/1620/1398
f 741/1619/1397 766/1620/1398 742/1621/1399
f 742/1621/1399 766/1620/1398 767/1622/1400
f 742/1621/1399 767/1622/1400 743/1623/1401
f 743/1623/1401 767/1622/1400 768/1624/1402
f 743/1623/1401 768/1624/1402 744/1625/1403
f 744/1625/1403 768/1624/1402 769/1626/1404
f 744/1625/1403 769/1626/1404 745/1627/1405
f 745/1627/1405 769/1626/1404 770/1628/1406
f 745/1627/1405 770/1628/1406 746/1629/1407
f 746/1629/1407 770/1628/1406 771/1630/1408
f 746/1629/1407 771/1630/1408 747/1631/1409
f 747/1631/1409 771/1630/1408 772/1632/1410
f 747/1631/1409 772/1632/1410 748/1633/1411
f 748/1633/1411 772/1632/1410 773/1634/1412
f 748/1633/1411 773/1634/1412 749/1635/1413
f 749/1635/1413 773/1634/1412 774/1636/1414
f 749/1635/1413 774/1636/1414 750/1637/1415
f 750/1637/1415 774/1636/1414 775/1638/1416
f 750/1637/1415 775/1638/1416 751/1639/1417
f 751/1639/1417 775/1638/1416 776/1640/1418
f 751/1639/1417 776/1640/1418 752/1641/1419
f 752/1642/1419 776/1643/1418 777/1644/1420
f 752/1642/1419 777/1644/1420 753/1645/1421
f 753/1645/1421 777/1644/1420 778/1646/1422
f 753/1645/1421 778/1646/1422 754/1647/1423
f 754/1647/1423 778/1646/1422 779/1648/1424
f 754/1647/1423 779/1648/1424 755/1649/1425
f 755/1649/1425 779/1648/1424 780/1650/1426
f 755/1649/1425 780/1650/1426 756/1651/1427
f 756/1651/1427 780/1650/1426 781/1652/1428
f 756/1651/1427 781/1652/1428 757/1653/1429
f 757/1653/1429 781/1652/1428 782/1654/1430
f 757/1653/1429 782/1654/1430 758/1655/1431
f 758/1655/1431 782/1654/1430 783/1656/1432
f 758/1655/1431 783/1656/1432 759/1657/1433
f 759/1657/1433 783/1656/1432 784/1658/1434
f 759/1657/1433 784/1658/1434 760/1659/1435
f 760/1659/1435 784/1658/1434 785/1660/1436
f 760/1659/1435 785/1660/1436 761/1661/1437
f 761/1661/1437 785/1660/1436 786/1662/1438
f 761/1661/1437 786/1662/1438 762/1663/1439
f 762/1663/1439 786/1662/1438 787/1664/1440
f 762/1663/1439 787/1664/1440 763/1615/1393
f 763/1615/1393 787/1664/1440 764/1616/1394
f 787/1665/1441 541/1666/1442 764/1667/1443
f 764/1667/1443 541/1666/1442 540/1668/1444
f 764/1667/1443 540/1668/1444 765/1669/1445
f 765/1669/1445 540/1668/1444 563/1670/1446
f 765/1669/1445 563/1670/1446 766/1671/1447
f 766/1671/1447 563/1670/1446 562/1672/1448
f 766/1671/1447 562/1672/1448 767/1673/1449
f 767/1673/1449 562/1672/1448 561/1674/1450
f 767/1673/1449 561/1674/1450 768/1675/1451
f 768/1675/1451 561/1674/1450 560/1676/1452
f 768/1675/1451 560/1676/1452 769/1677/1453
f 769/1677/1453 560/1676/1452 559/1678/1454
f 769/1677/1453 559/1678/1454 770/1679/1455
f 770/1679/1455 559/1678/1454 558/1680/1456
f 770/1679/1455 558/1680/1456 771/1681/1457
f 771/1681/1457 558/1680/1456 557/1682/1458
f 771/1681/1457 557/1682/1458 772/1683/1459
f 772/1683/1459 557/1682/1458 556/1684/1460
f 772/1683/1459 556/1684/1460 773/1685/1461
f 773/1685/1461 556/1684/1460 555/1686/1462
f 773/1685/1461 555/1686/1462 774/1687/1463
f 774/1687/1463 555/1686/1462 554/1688/1464
f 774/1687/1463 554/1688/1464 775/1689/1465
f 775/1689/1465 554/1688/1464 553/1690/1466
f 775/1689/1465 553/1690/1466 776/1691/1467
f 776/1691/1467 553/1690/1466 552/1692/1468
f 776/1693/1467 552/1694/1468 777/1695/1469
f 777/1695/1469 552/1694/1468 551/1696/1470
f 777/1695/1469 551/1696/1470 778/1697/1471
f 778/1697/1471 551/1696/1470 550/1698/1472
f 778/1697/1471 550/1698/1472 779/1699/1473
f 779/1699/1473 550/1698/1472 549/1700/1474
f 779/1699/1473 549/1700/1474 780/1701/1475
f 780/1701/1475 549/1700/1474 548/1702/1476
f 780/1701/1475 548/1702/1476 781/1703/1477
f 781/1703/1477 548/1702/1476 547/1704/1478
f 781/1703/1477 547/1704/1478 782/1705/1479
f 782/1705/1479 547/1704/1478 546/1706/1480
f 782/1705/1479 546/1706/1480 783/1707/1481
f 783/1707/1481 546/1706/1480 545/1708/1482
f 783/1707/1481 545/1708/1482 784/1709/1483
f 784/1709/1483 545/1708/1482 544/1710/1484
f 784/1709/1483 544/1710/1484 785/1711/1485
f 785/1711/1485 544/1710/1484 543/1712/1486
f 785/1711/1485 543/1712/1486 786/1713/1487
f 786/1713/1487 543/1712/1486 542/1714/1488
f 786/1713/1487 542/1714/1488 787/1665/1441
f 787/1665/1441 542/1714/1488 541/1666/1442
# 787 vertices
# 1714 texture params
# 1488 normals
# 1546 facets

# 8 groups
